id,city,date,match_type,player_of_match,venue,toss_winner,toss_decision,winner,result,result_margin,target_runs,target_overs,super_over,method,umpire1,umpire2,year,toss_winner_won,home_team,away_team,win_by_runs,win_by_wickets,home_team_result
335982,Bangalore,2008-04-18,League,BB McCullum,M Chinnaswamy Stadium,Royal Challengers Bengaluru,field,Kolkata Knight Riders,runs,140,223,20,0,Normal,Asad Rauf,RE Koertzen,2008,0,Royal Challengers Bengaluru,Kolkata Knight Riders,1,0,Loss
335983,Chandigarh,2008-04-19,League,MEK Hussey,"Punjab Cricket Association Stadium, Mohali",Chennai Super Kings,bat,Chennai Super Kings,runs,33,241,20,0,Normal,MR Benson,SL Shastri,2008,1,Punjab Kings,Chennai Super Kings,1,0,Loss
335984,Delhi,2008-04-19,League,MF Maharoof,Feroz Shah Kotla,Rajasthan Royals,bat,Delhi Capitals,wickets,9,130,20,0,Normal,Aleem Dar,GA Pratapkumar,2008,0,Delhi Capitals,Rajasthan Royals,0,1,Win
335985,Mumbai,2008-04-20,League,MV Boucher,Wankhede Stadium,Mumbai Indians,bat,Royal Challengers Bengaluru,wickets,5,166,20,0,Normal,SJ Davis,DJ Harper,2008,0,Mumbai Indians,Royal Challengers Bengaluru,0,1,Loss
335986,Kolkata,2008-04-20,League,DJ Hussey,Eden Gardens,Deccan Chargers,bat,Kolkata Knight Riders,wickets,5,111,20,0,Normal,BF Bowden,K Hariharan,2008,0,Kolkata Knight Riders,Deccan Chargers,0,1,Win
335987,Jaipur,2008-04-21,League,SR Watson,Sawai Mansingh Stadium,Punjab Kings,bat,Rajasthan Royals,wickets,6,167,20,0,Normal,Aleem Dar,RB Tiffin,2008,0,Rajasthan Royals,Punjab Kings,0,1,Win
335988,Hyderabad,2008-04-22,League,V Sehwag,"Rajiv Gandhi International Stadium, Uppal",Deccan Chargers,bat,Delhi Capitals,wickets,9,143,20,0,Normal,IL Howell,AM Saheba,2008,0,Deccan Chargers,Delhi Capitals,0,1,Loss
335989,Chennai,2008-04-23,League,ML Hayden,"MA Chidambaram Stadium, Chepauk",Mumbai Indians,field,Chennai Super Kings,runs,6,209,20,0,Normal,DJ Harper,GA Pratapkumar,2008,0,Chennai Super Kings,Mumbai Indians,1,0,Win
335990,Hyderabad,2008-04-24,League,YK Pathan,"Rajiv Gandhi International Stadium, Uppal",Rajasthan Royals,field,Rajasthan Royals,wickets,3,215,20,0,Normal,Asad Rauf,MR Benson,2008,1,Deccan Chargers,Rajasthan Royals,0,1,Loss
335991,Chandigarh,2008-04-25,League,KC Sangakkara,"Punjab Cricket Association Stadium, Mohali",Mumbai Indians,field,Punjab Kings,runs,66,183,20,0,Normal,Aleem Dar,AM Saheba,2008,0,Punjab Kings,Mumbai Indians,1,0,Win
335992,Bangalore,2008-04-26,League,SR Watson,M Chinnaswamy Stadium,Rajasthan Royals,field,Rajasthan Royals,wickets,7,136,20,0,Normal,MR Benson,IL Howell,2008,1,Royal Challengers Bengaluru,Rajasthan Royals,0,1,Loss
335993,Chennai,2008-04-26,League,JDP Oram,"MA Chidambaram Stadium, Chepauk",Kolkata Knight Riders,bat,Chennai Super Kings,wickets,9,148,20,0,Normal,BF Bowden,AV Jayaprakash,2008,0,Chennai Super Kings,Kolkata Knight Riders,0,1,Win
335994,Mumbai,2008-04-27,League,AC Gilchrist,Dr DY Patil Sports Academy,Deccan Chargers,field,Deccan Chargers,wickets,10,155,20,0,Normal,Asad Rauf,SL Shastri,2008,1,Mumbai Indians,Deccan Chargers,0,1,Loss
335995,Chandigarh,2008-04-27,League,SM Katich,"Punjab Cricket Association Stadium, Mohali",Delhi Capitals,bat,Punjab Kings,wickets,4,159,20,0,Normal,RE Koertzen,I Shivram,2008,0,Punjab Kings,Delhi Capitals,0,1,Win
335996,Bangalore,2008-04-28,League,MS Dhoni,M Chinnaswamy Stadium,Chennai Super Kings,bat,Chennai Super Kings,runs,13,179,20,0,Normal,BR Doctrove,RB Tiffin,2008,1,Royal Challengers Bengaluru,Chennai Super Kings,1,0,Loss
335997,Kolkata,2008-04-29,League,ST Jayasuriya,Eden Gardens,Kolkata Knight Riders,bat,Mumbai Indians,wickets,7,138,20,0,Normal,BF Bowden,AV Jayaprakash,2008,0,Kolkata Knight Riders,Mumbai Indians,0,1,Loss
335998,Delhi,2008-04-30,League,GD McGrath,Feroz Shah Kotla,Royal Challengers Bengaluru,field,Delhi Capitals,runs,10,192,20,0,Normal,Aleem Dar,I Shivram,2008,0,Delhi Capitals,Royal Challengers Bengaluru,1,0,Win
335999,Hyderabad,2008-05-01,League,SE Marsh,"Rajiv Gandhi International Stadium, Uppal",Punjab Kings,field,Punjab Kings,wickets,7,165,20,0,Normal,BR Doctrove,RB Tiffin,2008,1,Deccan Chargers,Punjab Kings,0,1,Loss
336000,Jaipur,2008-05-01,League,SA Asnodkar,Sawai Mansingh Stadium,Rajasthan Royals,bat,Rajasthan Royals,runs,45,197,20,0,Normal,RE Koertzen,GA Pratapkumar,2008,1,Rajasthan Royals,Kolkata Knight Riders,1,0,Win
336001,Chennai,2008-05-02,League,V Sehwag,"MA Chidambaram Stadium, Chepauk",Chennai Super Kings,bat,Delhi Capitals,wickets,8,170,20,0,Normal,BF Bowden,K Hariharan,2008,0,Chennai Super Kings,Delhi Capitals,0,1,Loss
336003,Chandigarh,2008-05-03,League,IK Pathan,"Punjab Cricket Association Stadium, Mohali",Punjab Kings,bat,Punjab Kings,runs,9,179,20,0,Normal,DJ Harper,I Shivram,2008,1,Punjab Kings,Kolkata Knight Riders,1,0,Win
336034,Bangalore,2008-05-03,League,P Kumar,M Chinnaswamy Stadium,Deccan Chargers,field,Royal Challengers Bengaluru,runs,3,157,20,0,Normal,BR Doctrove,SL Shastri,2008,0,Royal Challengers Bengaluru,Deccan Chargers,1,0,Win
336004,Mumbai,2008-05-04,League,SM Pollock,Dr DY Patil Sports Academy,Delhi Capitals,field,Mumbai Indians,runs,29,163,20,0,Normal,IL Howell,RE Koertzen,2008,0,Mumbai Indians,Delhi Capitals,1,0,Win
336005,Jaipur,2008-05-04,League,Sohail Tanvir,Sawai Mansingh Stadium,Chennai Super Kings,bat,Rajasthan Royals,wickets,8,110,20,0,Normal,Asad Rauf,AV Jayaprakash,2008,0,Rajasthan Royals,Chennai Super Kings,0,1,Win
336006,Bangalore,2008-05-05,League,S Sreesanth,M Chinnaswamy Stadium,Punjab Kings,field,Punjab Kings,wickets,6,127,20,0,Normal,SJ Davis,BR Doctrove,2008,1,Royal Challengers Bengaluru,Punjab Kings,0,1,Loss
336007,Chennai,2008-05-06,League,AC Gilchrist,"MA Chidambaram Stadium, Chepauk",Deccan Chargers,field,Deccan Chargers,wickets,7,145,20,0,Normal,MR Benson,RB Tiffin,2008,1,Chennai Super Kings,Deccan Chargers,0,1,Loss
336008,Mumbai,2008-05-07,League,A Nehra,Dr DY Patil Sports Academy,Mumbai Indians,field,Mumbai Indians,wickets,7,104,20,0,Normal,DJ Harper,RE Koertzen,2008,1,Mumbai Indians,Rajasthan Royals,0,1,Win
336009,Delhi,2008-05-08,League,MS Dhoni,Feroz Shah Kotla,Chennai Super Kings,field,Chennai Super Kings,wickets,4,188,20,0,Normal,Aleem Dar,RB Tiffin,2008,1,Delhi Capitals,Chennai Super Kings,0,1,Loss
336010,Kolkata,2008-05-08,League,SC Ganguly,Eden Gardens,Kolkata Knight Riders,bat,Kolkata Knight Riders,runs,5,130,16,0,Normal,Asad Rauf,IL Howell,2008,1,Kolkata Knight Riders,Royal Challengers Bengaluru,1,0,Win
336011,Jaipur,2008-05-09,League,YK Pathan,Sawai Mansingh Stadium,Rajasthan Royals,field,Rajasthan Royals,wickets,8,141,20,0,Normal,MR Benson,AM Saheba,2008,1,Rajasthan Royals,Deccan Chargers,0,1,Win
336013,Chennai,2008-05-10,League,L Balaji,"MA Chidambaram Stadium, Chepauk",Punjab Kings,field,Chennai Super Kings,runs,18,182,20,0,Normal,AV Jayaprakash,BG Jerling,2008,0,Chennai Super Kings,Punjab Kings,1,0,Win
336014,Hyderabad,2008-05-11,League,SC Ganguly,"Rajiv Gandhi International Stadium, Uppal",Kolkata Knight Riders,bat,Kolkata Knight Riders,runs,23,205,20,0,Normal,IL Howell,AM Saheba,2008,1,Deccan Chargers,Kolkata Knight Riders,1,0,Loss
336015,Jaipur,2008-05-11,League,SR Watson,Sawai Mansingh Stadium,Rajasthan Royals,field,Rajasthan Royals,wickets,3,157,20,0,Normal,SJ Davis,RE Koertzen,2008,1,Rajasthan Royals,Delhi Capitals,0,1,Win
336016,Chandigarh,2008-05-12,League,SE Marsh,"Punjab Cricket Association Stadium, Mohali",Royal Challengers Bengaluru,bat,Punjab Kings,wickets,9,144,20,0,Normal,BR Doctrove,I Shivram,2008,0,Punjab Kings,Royal Challengers Bengaluru,0,1,Win
336017,Kolkata,2008-05-13,League,Shoaib Akhtar,Eden Gardens,Kolkata Knight Riders,bat,Kolkata Knight Riders,runs,23,134,20,0,Normal,Asad Rauf,IL Howell,2008,1,Kolkata Knight Riders,Delhi Capitals,1,0,Win
336018,Mumbai,2008-05-14,League,ST Jayasuriya,Wankhede Stadium,Mumbai Indians,field,Mumbai Indians,wickets,9,157,20,0,Normal,BR Doctrove,AM Saheba,2008,1,Mumbai Indians,Chennai Super Kings,0,1,Win
336020,Delhi,2008-05-15,League,A Mishra,Feroz Shah Kotla,Deccan Chargers,field,Delhi Capitals,runs,12,195,20,0,Normal,BG Jerling,GA Pratapkumar,2008,0,Delhi Capitals,Deccan Chargers,1,0,Win
336021,Mumbai,2008-05-16,League,SM Pollock,Wankhede Stadium,Mumbai Indians,field,Mumbai Indians,wickets,8,68,20,0,Normal,BR Doctrove,DJ Harper,2008,1,Mumbai Indians,Kolkata Knight Riders,0,1,Win
336022,Delhi,2008-05-17,League,DPMD Jayawardene,Feroz Shah Kotla,Delhi Capitals,bat,Punjab Kings,runs,6,89,8,0,D/L,AV Jayaprakash,RE Koertzen,2008,0,Delhi Capitals,Punjab Kings,1,0,Loss
336023,Jaipur,2008-05-17,League,GC Smith,Sawai Mansingh Stadium,Royal Challengers Bengaluru,field,Rajasthan Royals,runs,65,198,20,0,Normal,BF Bowden,SL Shastri,2008,0,Rajasthan Royals,Royal Challengers Bengaluru,1,0,Win
336024,Hyderabad,2008-05-18,League,DJ Bravo,"Rajiv Gandhi International Stadium, Uppal",Deccan Chargers,field,Mumbai Indians,runs,25,179,20,0,Normal,BR Doctrove,DJ Harper,2008,0,Deccan Chargers,Mumbai Indians,1,0,Loss
336025,Kolkata,2008-05-18,League,M Ntini,Eden Gardens,Kolkata Knight Riders,bat,Chennai Super Kings,runs,3,53,8,0,D/L,Asad Rauf,K Hariharan,2008,0,Kolkata Knight Riders,Chennai Super Kings,1,0,Loss
336026,Bangalore,2008-05-19,League,SP Goswami,M Chinnaswamy Stadium,Delhi Capitals,field,Delhi Capitals,wickets,5,155,20,0,Normal,SJ Davis,GA Pratapkumar,2008,1,Royal Challengers Bengaluru,Delhi Capitals,0,1,Loss
336027,Kolkata,2008-05-20,League,YK Pathan,Eden Gardens,Rajasthan Royals,field,Rajasthan Royals,wickets,6,148,20,0,Normal,BG Jerling,RE Koertzen,2008,1,Kolkata Knight Riders,Rajasthan Royals,0,1,Loss
336028,Mumbai,2008-05-21,League,SE Marsh,Wankhede Stadium,Mumbai Indians,field,Punjab Kings,runs,1,190,20,0,Normal,BF Bowden,GA Pratapkumar,2008,0,Mumbai Indians,Punjab Kings,1,0,Loss
336029,Chennai,2008-05-21,League,A Kumble,"MA Chidambaram Stadium, Chepauk",Royal Challengers Bengaluru,bat,Royal Challengers Bengaluru,runs,14,127,20,0,Normal,DJ Harper,I Shivram,2008,1,Chennai Super Kings,Royal Challengers Bengaluru,1,0,Loss
336031,Chandigarh,2008-05-23,League,SE Marsh,"Punjab Cricket Association Stadium, Mohali",Punjab Kings,field,Punjab Kings,wickets,6,176,20,0,Normal,Asad Rauf,SJ Davis,2008,1,Punjab Kings,Deccan Chargers,0,1,Win
336032,Delhi,2008-05-24,League,KD Karthik,Feroz Shah Kotla,Delhi Capitals,field,Delhi Capitals,wickets,5,177,20,0,Normal,BF Bowden,K Hariharan,2008,1,Delhi Capitals,Mumbai Indians,0,1,Win
336033,Chennai,2008-05-24,League,JA Morkel,"MA Chidambaram Stadium, Chepauk",Rajasthan Royals,bat,Rajasthan Royals,runs,10,212,20,0,Normal,DJ Harper,SL Shastri,2008,1,Chennai Super Kings,Rajasthan Royals,1,0,Loss
336002,Hyderabad,2008-05-25,League,R Vinay Kumar,"Rajiv Gandhi International Stadium, Uppal",Deccan Chargers,bat,Royal Challengers Bengaluru,wickets,5,166,20,0,Normal,Asad Rauf,RE Koertzen,2008,0,Deccan Chargers,Royal Challengers Bengaluru,0,1,Loss
336035,Kolkata,2008-05-25,League,Umar Gul,Eden Gardens,Punjab Kings,bat,Kolkata Knight Riders,wickets,3,175,20,0,Normal,SJ Davis,I Shivram,2008,0,Kolkata Knight Riders,Punjab Kings,0,1,Win
336036,Jaipur,2008-05-26,League,Sohail Tanvir,Sawai Mansingh Stadium,Rajasthan Royals,field,Rajasthan Royals,wickets,5,146,20,0,Normal,BF Bowden,K Hariharan,2008,1,Rajasthan Royals,Mumbai Indians,0,1,Win
336037,Hyderabad,2008-05-27,League,SK Raina,"Rajiv Gandhi International Stadium, Uppal",Deccan Chargers,bat,Chennai Super Kings,wickets,7,148,20,0,Normal,BG Jerling,AM Saheba,2008,0,Deccan Chargers,Chennai Super Kings,0,1,Loss
336012,Bangalore,2008-05-28,League,CRD Fernando,M Chinnaswamy Stadium,Mumbai Indians,field,Mumbai Indians,wickets,9,123,18,0,Normal,BF Bowden,AV Jayaprakash,2008,1,Royal Challengers Bengaluru,Mumbai Indians,0,1,Loss
336019,Chandigarh,2008-05-28,League,SE Marsh,"Punjab Cricket Association Stadium, Mohali",Rajasthan Royals,field,Punjab Kings,runs,41,222,20,0,Normal,SJ Davis,K Hariharan,2008,0,Punjab Kings,Rajasthan Royals,1,0,Win
336038,Mumbai,2008-05-30,Semi Final,SR Watson,Wankhede Stadium,Delhi Capitals,field,Rajasthan Royals,runs,105,193,20,0,Normal,BF Bowden,RE Koertzen,2008,0,Delhi Capitals,Rajasthan Royals,1,0,Loss
336039,Mumbai,2008-05-31,Semi Final,M Ntini,Wankhede Stadium,Punjab Kings,bat,Chennai Super Kings,wickets,9,113,20,0,Normal,Asad Rauf,DJ Harper,2008,0,Chennai Super Kings,Punjab Kings,0,1,Win
336040,Mumbai,2008-06-01,Final,YK Pathan,Dr DY Patil Sports Academy,Rajasthan Royals,field,Rajasthan Royals,wickets,3,164,20,0,Normal,BF Bowden,RE Koertzen,2008,1,Chennai Super Kings,Rajasthan Royals,0,1,Loss
392181,Cape Town,2009-04-18,League,SR Tendulkar,Newlands,Chennai Super Kings,field,Mumbai Indians,runs,19,166,20,0,Normal,BR Doctrove,K Hariharan,2009,0,Chennai Super Kings,Mumbai Indians,1,0,Loss
392182,Cape Town,2009-04-18,League,R Dravid,Newlands,Royal Challengers Bengaluru,bat,Royal Challengers Bengaluru,runs,75,134,20,0,Normal,BR Doctrove,RB Tiffin,2009,1,Royal Challengers Bengaluru,Rajasthan Royals,1,0,Win
392183,Cape Town,2009-04-19,League,DL Vettori,Newlands,Delhi Capitals,field,Delhi Capitals,wickets,10,54,6,0,D/L,MR Benson,SD Ranade,2009,1,Delhi Capitals,Punjab Kings,0,1,Win
392184,Cape Town,2009-04-19,League,RP Singh,Newlands,Kolkata Knight Riders,bat,Deccan Chargers,wickets,8,102,20,0,Normal,MR Benson,BR Doctrove,2009,0,Deccan Chargers,Kolkata Knight Riders,0,1,Win
392185,Port Elizabeth,2009-04-20,League,M Muralitharan,St George's Park,Chennai Super Kings,bat,Chennai Super Kings,runs,92,180,20,0,Normal,BG Jerling,SJA Taufel,2009,1,Royal Challengers Bengaluru,Chennai Super Kings,1,0,Loss
392186,Durban,2009-04-21,League,CH Gayle,Kingsmead,Kolkata Knight Riders,field,Kolkata Knight Riders,runs,11,69,9,0,D/L,DJ Harper,SD Ranade,2009,1,Punjab Kings,Kolkata Knight Riders,1,0,Loss
392188,Cape Town,2009-04-22,League,AC Gilchrist,Newlands,Deccan Chargers,bat,Deccan Chargers,runs,24,185,20,0,Normal,M Erasmus,AM Saheba,2009,1,Royal Challengers Bengaluru,Deccan Chargers,1,0,Loss
392189,Durban,2009-04-23,League,AB de Villiers,Kingsmead,Delhi Capitals,bat,Delhi Capitals,runs,9,190,20,0,Normal,BR Doctrove,SJA Taufel,2009,1,Chennai Super Kings,Delhi Capitals,1,0,Loss
392190,Cape Town,2009-04-23,League,YK Pathan,Newlands,Kolkata Knight Riders,field,Rajasthan Royals,tie,0,151,20,1,Normal,MR Benson,M Erasmus,2009,0,Kolkata Knight Riders,Rajasthan Royals,0,0,Loss
392191,Durban,2009-04-24,League,RS Bopara,Kingsmead,Royal Challengers Bengaluru,bat,Punjab Kings,wickets,7,169,20,0,Normal,BR Doctrove,TH Wijewardene,2009,0,Royal Challengers Bengaluru,Punjab Kings,0,1,Loss
392192,Durban,2009-04-25,League,PP Ojha,Kingsmead,Deccan Chargers,bat,Deccan Chargers,runs,12,169,20,0,Normal,HDPK Dharmasena,SJA Taufel,2009,1,Deccan Chargers,Mumbai Indians,1,0,Win
392194,Port Elizabeth,2009-04-26,League,TM Dilshan,St George's Park,Royal Challengers Bengaluru,bat,Delhi Capitals,wickets,6,150,20,0,Normal,S Asnani,BG Jerling,2009,0,Royal Challengers Bengaluru,Delhi Capitals,0,1,Loss
392195,Cape Town,2009-04-26,League,KC Sangakkara,Newlands,Punjab Kings,bat,Punjab Kings,runs,27,140,20,0,Normal,M Erasmus,K Hariharan,2009,1,Punjab Kings,Rajasthan Royals,1,0,Win
392196,Durban,2009-04-27,League,HH Gibbs,Kingsmead,Deccan Chargers,field,Deccan Chargers,wickets,6,166,20,0,Normal,IL Howell,TH Wijewardene,2009,1,Chennai Super Kings,Deccan Chargers,0,1,Loss
392197,Port Elizabeth,2009-04-27,League,SR Tendulkar,St George's Park,Mumbai Indians,bat,Mumbai Indians,runs,92,188,20,0,Normal,BG Jerling,RB Tiffin,2009,1,Kolkata Knight Riders,Mumbai Indians,1,0,Loss
392198,Centurion,2009-04-28,League,YK Pathan,SuperSport Park,Delhi Capitals,bat,Rajasthan Royals,wickets,5,144,20,0,Normal,GAV Baxter,RE Koertzen,2009,0,Delhi Capitals,Rajasthan Royals,0,1,Loss
392199,Durban,2009-04-29,League,MV Boucher,Kingsmead,Kolkata Knight Riders,bat,Royal Challengers Bengaluru,wickets,5,140,20,0,Normal,MR Benson,TH Wijewardene,2009,0,Royal Challengers Bengaluru,Kolkata Knight Riders,0,1,Win
392200,Durban,2009-04-29,League,KC Sangakkara,Kingsmead,Punjab Kings,bat,Punjab Kings,runs,3,120,20,0,Normal,MR Benson,SL Shastri,2009,1,Punjab Kings,Mumbai Indians,1,0,Win
392201,Centurion,2009-04-30,League,DP Nannes,SuperSport Park,Delhi Capitals,field,Delhi Capitals,wickets,6,149,20,0,Normal,GAV Baxter,AM Saheba,2009,1,Deccan Chargers,Delhi Capitals,0,1,Loss
392202,Centurion,2009-04-30,League,SK Raina,SuperSport Park,Rajasthan Royals,field,Chennai Super Kings,runs,38,165,20,0,Normal,GAV Baxter,RE Koertzen,2009,0,Chennai Super Kings,Rajasthan Royals,1,0,Win
392203,East London,2009-05-01,League,JP Duminy,Buffalo Park,Mumbai Indians,bat,Mumbai Indians,runs,9,149,20,0,Normal,M Erasmus,SK Tarapore,2009,1,Kolkata Knight Riders,Mumbai Indians,1,0,Loss
392204,Durban,2009-05-01,League,Yuvraj Singh,Kingsmead,Royal Challengers Bengaluru,bat,Royal Challengers Bengaluru,runs,8,146,20,0,Normal,HDPK Dharmasena,S Ravi,2009,1,Royal Challengers Bengaluru,Punjab Kings,1,0,Win
392205,Port Elizabeth,2009-05-02,League,YK Pathan,St George's Park,Deccan Chargers,bat,Rajasthan Royals,wickets,3,142,20,0,Normal,S Asnani,BG Jerling,2009,0,Deccan Chargers,Rajasthan Royals,0,1,Loss
392206,Johannesburg,2009-05-02,League,SB Jakati,New Wanderers Stadium,Delhi Capitals,field,Chennai Super Kings,runs,18,164,20,0,Normal,DJ Harper,RE Koertzen,2009,0,Chennai Super Kings,Delhi Capitals,1,0,Win
392207,Port Elizabeth,2009-05-03,League,DPMD Jayawardene,St George's Park,Kolkata Knight Riders,bat,Punjab Kings,wickets,6,154,20,0,Normal,S Asnani,MR Benson,2009,0,Punjab Kings,Kolkata Knight Riders,0,1,Win
392208,Johannesburg,2009-05-03,League,JH Kallis,New Wanderers Stadium,Mumbai Indians,bat,Royal Challengers Bengaluru,wickets,9,150,20,0,Normal,RE Koertzen,TH Wijewardene,2009,0,Royal Challengers Bengaluru,Mumbai Indians,0,1,Win
392209,East London,2009-05-04,League,MS Dhoni,Buffalo Park,Chennai Super Kings,bat,Chennai Super Kings,runs,78,179,20,0,Normal,BR Doctrove,M Erasmus,2009,1,Chennai Super Kings,Deccan Chargers,1,0,Win
392210,Durban,2009-05-05,League,GC Smith,Kingsmead,Punjab Kings,field,Rajasthan Royals,runs,78,212,20,0,Normal,SS Hazare,IL Howell,2009,0,Punjab Kings,Rajasthan Royals,1,0,Loss
392211,Durban,2009-05-05,League,G Gambhir,Kingsmead,Kolkata Knight Riders,bat,Delhi Capitals,wickets,9,155,20,0,Normal,GAV Baxter,IL Howell,2009,0,Delhi Capitals,Kolkata Knight Riders,0,1,Win
392212,Centurion,2009-05-06,League,RG Sharma,SuperSport Park,Deccan Chargers,bat,Deccan Chargers,runs,19,146,20,0,Normal,MR Benson,HDPK Dharmasena,2009,1,Deccan Chargers,Mumbai Indians,1,0,Win
392213,Centurion,2009-05-07,League,A Singh,SuperSport Park,Rajasthan Royals,field,Rajasthan Royals,wickets,7,106,20,0,Normal,K Hariharan,DJ Harper,2009,1,Royal Challengers Bengaluru,Rajasthan Royals,0,1,Loss
392214,Centurion,2009-05-07,League,ML Hayden,SuperSport Park,Chennai Super Kings,bat,Chennai Super Kings,runs,12,187,18,0,D/L,DJ Harper,TH Wijewardene,2009,1,Chennai Super Kings,Punjab Kings,1,0,Win
392215,East London,2009-05-08,League,A Nehra,Buffalo Park,Mumbai Indians,bat,Delhi Capitals,wickets,7,117,20,0,Normal,M Erasmus,SK Tarapore,2009,0,Delhi Capitals,Mumbai Indians,0,1,Win
392216,Kimberley,2009-05-09,League,DPMD Jayawardene,De Beers Diamond Oval,Punjab Kings,field,Punjab Kings,wickets,3,169,20,0,Normal,GAV Baxter,AM Saheba,2009,1,Deccan Chargers,Punjab Kings,0,1,Loss
392217,Kimberley,2009-05-09,League,S Badrinath,De Beers Diamond Oval,Rajasthan Royals,bat,Chennai Super Kings,wickets,7,141,20,0,Normal,GAV Baxter,HDPK Dharmasena,2009,0,Chennai Super Kings,Rajasthan Royals,0,1,Win
392218,Port Elizabeth,2009-05-10,League,JP Duminy,St George's Park,Mumbai Indians,bat,Mumbai Indians,runs,16,158,20,0,Normal,BR Doctrove,BG Jerling,2009,1,Royal Challengers Bengaluru,Mumbai Indians,1,0,Loss
392219,Johannesburg,2009-05-10,League,A Mishra,New Wanderers Stadium,Delhi Capitals,field,Delhi Capitals,wickets,7,124,20,0,Normal,SL Shastri,RB Tiffin,2009,1,Delhi Capitals,Kolkata Knight Riders,0,1,Win
392220,Kimberley,2009-05-11,League,DR Smith,De Beers Diamond Oval,Deccan Chargers,bat,Deccan Chargers,runs,53,167,20,0,Normal,GAV Baxter,HDPK Dharmasena,2009,1,Deccan Chargers,Rajasthan Royals,1,0,Win
392221,Centurion,2009-05-12,League,LRPL Taylor,SuperSport Park,Royal Challengers Bengaluru,field,Royal Challengers Bengaluru,wickets,6,174,20,0,Normal,M Erasmus,SS Hazare,2009,1,Royal Challengers Bengaluru,Kolkata Knight Riders,0,1,Win
392222,Centurion,2009-05-12,League,Harbhajan Singh,SuperSport Park,Punjab Kings,bat,Mumbai Indians,wickets,8,120,20,0,Normal,SS Hazare,RE Koertzen,2009,0,Punjab Kings,Mumbai Indians,0,1,Loss
392223,Durban,2009-05-13,League,R Bhatia,Kingsmead,Deccan Chargers,field,Delhi Capitals,runs,12,174,20,0,Normal,DJ Harper,SL Shastri,2009,0,Deccan Chargers,Delhi Capitals,1,0,Loss
392224,Durban,2009-05-14,League,LRPL Taylor,Kingsmead,Chennai Super Kings,bat,Royal Challengers Bengaluru,wickets,2,130,20,0,Normal,BR Doctrove,DJ Harper,2009,0,Royal Challengers Bengaluru,Chennai Super Kings,0,1,Win
392225,Durban,2009-05-14,League,SK Warne,Kingsmead,Rajasthan Royals,bat,Rajasthan Royals,runs,2,146,20,0,Normal,BR Doctrove,DJ Harper,2009,1,Mumbai Indians,Rajasthan Royals,1,0,Loss
392226,Bloemfontein,2009-05-15,League,B Lee,OUTsurance Oval,Punjab Kings,field,Punjab Kings,wickets,6,121,20,0,Normal,HDPK Dharmasena,IL Howell,2009,1,Delhi Capitals,Punjab Kings,0,1,Loss
392227,Port Elizabeth,2009-05-16,League,ML Hayden,St George's Park,Mumbai Indians,bat,Chennai Super Kings,wickets,7,148,20,0,Normal,SK Tarapore,SJA Taufel,2009,0,Chennai Super Kings,Mumbai Indians,0,1,Win
392228,Johannesburg,2009-05-16,League,RG Sharma,New Wanderers Stadium,Deccan Chargers,field,Deccan Chargers,wickets,6,161,20,0,Normal,RE Koertzen,S Ravi,2009,1,Deccan Chargers,Kolkata Knight Riders,0,1,Win
392229,Johannesburg,2009-05-17,League,Yuvraj Singh,New Wanderers Stadium,Deccan Chargers,field,Punjab Kings,runs,1,135,20,0,Normal,S Ravi,RB Tiffin,2009,0,Deccan Chargers,Punjab Kings,1,0,Loss
392230,Bloemfontein,2009-05-17,League,AB de Villiers,OUTsurance Oval,Delhi Capitals,bat,Delhi Capitals,runs,14,151,20,0,Normal,SS Hazare,IL Howell,2009,1,Delhi Capitals,Rajasthan Royals,1,0,Win
392231,Centurion,2009-05-18,League,BJ Hodge,SuperSport Park,Chennai Super Kings,bat,Kolkata Knight Riders,wickets,7,189,20,0,Normal,SJA Taufel,RB Tiffin,2009,0,Chennai Super Kings,Kolkata Knight Riders,0,1,Loss
392232,Johannesburg,2009-05-19,League,JH Kallis,New Wanderers Stadium,Delhi Capitals,bat,Royal Challengers Bengaluru,wickets,7,135,20,0,Normal,IL Howell,RB Tiffin,2009,0,Royal Challengers Bengaluru,Delhi Capitals,0,1,Win
392233,Durban,2009-05-20,League,LR Shukla,Kingsmead,Kolkata Knight Riders,field,Kolkata Knight Riders,wickets,4,102,20,0,Normal,BG Jerling,SJA Taufel,2009,1,Kolkata Knight Riders,Rajasthan Royals,0,1,Win
392234,Durban,2009-05-20,League,M Muralitharan,Kingsmead,Chennai Super Kings,bat,Chennai Super Kings,runs,24,117,20,0,Normal,BG Jerling,SJA Taufel,2009,1,Chennai Super Kings,Punjab Kings,1,0,Win
392235,Centurion,2009-05-21,League,V Sehwag,SuperSport Park,Delhi Capitals,field,Delhi Capitals,wickets,4,166,20,0,Normal,IL Howell,S Ravi,2009,1,Delhi Capitals,Mumbai Indians,0,1,Win
392236,Centurion,2009-05-21,League,MK Pandey,SuperSport Park,Royal Challengers Bengaluru,bat,Royal Challengers Bengaluru,runs,12,171,20,0,Normal,IL Howell,S Ravi,2009,1,Royal Challengers Bengaluru,Deccan Chargers,1,0,Win
392237,Centurion,2009-05-22,Semi Final,AC Gilchrist,SuperSport Park,Deccan Chargers,field,Deccan Chargers,wickets,6,154,20,0,Normal,BR Doctrove,DJ Harper,2009,1,Delhi Capitals,Deccan Chargers,0,1,Loss
392238,Johannesburg,2009-05-23,Semi Final,MK Pandey,New Wanderers Stadium,Royal Challengers Bengaluru,field,Royal Challengers Bengaluru,wickets,6,147,20,0,Normal,RE Koertzen,SJA Taufel,2009,1,Royal Challengers Bengaluru,Chennai Super Kings,0,1,Win
392239,Johannesburg,2009-05-24,Final,A Kumble,New Wanderers Stadium,Royal Challengers Bengaluru,field,Deccan Chargers,runs,6,144,20,0,Normal,RE Koertzen,SJA Taufel,2009,0,Royal Challengers Bengaluru,Deccan Chargers,1,0,Loss
419106,Mumbai,2010-03-12,League,AD Mathews,Dr DY Patil Sports Academy,Deccan Chargers,field,Kolkata Knight Riders,runs,11,162,20,0,Normal,RE Koertzen,RB Tiffin,2010,0,Deccan Chargers,Kolkata Knight Riders,1,0,Loss
419107,Mumbai,2010-03-13,League,YK Pathan,Brabourne Stadium,Mumbai Indians,bat,Mumbai Indians,runs,4,213,20,0,Normal,RE Koertzen,RB Tiffin,2010,1,Mumbai Indians,Rajasthan Royals,1,0,Win
419108,Chandigarh,2010-03-13,League,G Gambhir,"Punjab Cricket Association Stadium, Mohali",Delhi Capitals,field,Delhi Capitals,wickets,5,143,20,0,Normal,BR Doctrove,S Ravi,2010,1,Punjab Kings,Delhi Capitals,0,1,Loss
419109,Kolkata,2010-03-14,League,MK Tiwary,Eden Gardens,Kolkata Knight Riders,field,Kolkata Knight Riders,wickets,7,136,20,0,Normal,HDPK Dharmasena,AM Saheba,2010,1,Kolkata Knight Riders,Royal Challengers Bengaluru,0,1,Win
419110,Chennai,2010-03-14,League,WPUJC Vaas,"MA Chidambaram Stadium, Chepauk",Deccan Chargers,bat,Deccan Chargers,runs,31,191,20,0,Normal,K Hariharan,DJ Harper,2010,1,Chennai Super Kings,Deccan Chargers,1,0,Loss
419111,Ahmedabad,2010-03-15,League,V Sehwag,"Sardar Patel Stadium, Motera",Delhi Capitals,field,Delhi Capitals,wickets,6,142,20,0,Normal,BG Jerling,RE Koertzen,2010,1,Rajasthan Royals,Delhi Capitals,0,1,Loss
419112,Bangalore,2010-03-16,League,JH Kallis,M Chinnaswamy Stadium,Punjab Kings,bat,Royal Challengers Bengaluru,wickets,8,204,20,0,Normal,S Das,DJ Harper,2010,0,Royal Challengers Bengaluru,Punjab Kings,0,1,Win
419113,Kolkata,2010-03-16,League,MS Dhoni,Eden Gardens,Chennai Super Kings,bat,Chennai Super Kings,runs,55,165,20,0,Normal,HDPK Dharmasena,AM Saheba,2010,1,Kolkata Knight Riders,Chennai Super Kings,1,0,Loss
419114,Delhi,2010-03-17,League,SR Tendulkar,Feroz Shah Kotla,Delhi Capitals,field,Mumbai Indians,runs,98,219,20,0,Normal,BR Doctrove,SK Tarapore,2010,0,Delhi Capitals,Mumbai Indians,1,0,Loss
419115,Bangalore,2010-03-18,League,JH Kallis,M Chinnaswamy Stadium,Royal Challengers Bengaluru,field,Royal Challengers Bengaluru,wickets,10,93,20,0,Normal,K Hariharan,DJ Harper,2010,1,Royal Challengers Bengaluru,Rajasthan Royals,0,1,Win
419116,Delhi,2010-03-19,League,ML Hayden,Feroz Shah Kotla,Delhi Capitals,bat,Chennai Super Kings,wickets,5,186,20,0,Normal,BR Doctrove,SK Tarapore,2010,0,Delhi Capitals,Chennai Super Kings,0,1,Loss
419117,Cuttack,2010-03-19,League,A Symonds,Barabati Stadium,Punjab Kings,field,Deccan Chargers,runs,6,171,20,0,Normal,BF Bowden,M Erasmus,2010,0,Deccan Chargers,Punjab Kings,1,0,Win
419118,Ahmedabad,2010-03-20,League,AA Jhunjhunwala,"Sardar Patel Stadium, Motera",Rajasthan Royals,bat,Rajasthan Royals,runs,34,169,20,0,Normal,RE Koertzen,RB Tiffin,2010,1,Rajasthan Royals,Kolkata Knight Riders,1,0,Win
419119,Mumbai,2010-03-20,League,JH Kallis,Brabourne Stadium,Mumbai Indians,bat,Royal Challengers Bengaluru,wickets,7,152,20,0,Normal,HDPK Dharmasena,SS Hazare,2010,0,Mumbai Indians,Royal Challengers Bengaluru,0,1,Loss
419120,Cuttack,2010-03-21,League,A Symonds,Barabati Stadium,Deccan Chargers,bat,Deccan Chargers,runs,10,172,20,0,Normal,BF Bowden,M Erasmus,2010,1,Deccan Chargers,Delhi Capitals,1,0,Win
419121,Chennai,2010-03-21,League,J Theron,"MA Chidambaram Stadium, Chepauk",Chennai Super Kings,field,Punjab Kings,tie,0,137,20,1,Normal,K Hariharan,DJ Harper,2010,0,Chennai Super Kings,Punjab Kings,0,0,Loss
419122,Mumbai,2010-03-22,League,SR Tendulkar,Brabourne Stadium,Kolkata Knight Riders,bat,Mumbai Indians,wickets,7,156,20,0,Normal,SS Hazare,SJA Taufel,2010,0,Mumbai Indians,Kolkata Knight Riders,0,1,Win
419123,Bangalore,2010-03-23,League,RV Uthappa,M Chinnaswamy Stadium,Chennai Super Kings,field,Royal Challengers Bengaluru,runs,36,172,20,0,Normal,RE Koertzen,RB Tiffin,2010,0,Royal Challengers Bengaluru,Chennai Super Kings,1,0,Win
419124,Chandigarh,2010-03-24,League,AC Voges,"Punjab Cricket Association Stadium, Mohali",Punjab Kings,field,Rajasthan Royals,runs,31,184,20,0,Normal,BR Doctrove,SK Tarapore,2010,0,Punjab Kings,Rajasthan Royals,1,0,Loss
419125,Mumbai,2010-03-25,League,SR Tendulkar,"Brabourne Stadium, Mumbai",Mumbai Indians,field,Mumbai Indians,wickets,5,181,20,0,Normal,AM Saheba,BF Bowden,2010,1,Chennai Super Kings,Mumbai Indians,0,1,Loss
419128,Bangalore,2010-03-25,League,KM Jadhav,M Chinnaswamy Stadium,Royal Challengers Bengaluru,field,Delhi Capitals,runs,17,184,20,0,Normal,BG Jerling,RE Koertzen,2010,0,Royal Challengers Bengaluru,Delhi Capitals,1,0,Loss
419126,Ahmedabad,2010-03-26,League,YK Pathan,"Sardar Patel Stadium, Motera",Deccan Chargers,bat,Rajasthan Royals,wickets,8,149,20,0,Normal,HDPK Dharmasena,SJA Taufel,2010,0,Rajasthan Royals,Deccan Chargers,0,1,Win
419127,Chandigarh,2010-03-27,League,MK Tiwary,"Punjab Cricket Association Stadium, Mohali",Kolkata Knight Riders,bat,Kolkata Knight Riders,runs,39,184,20,0,Normal,BR Doctrove,S Ravi,2010,1,Punjab Kings,Kolkata Knight Riders,1,0,Loss
419129,Ahmedabad,2010-03-28,League,NV Ojha,"Sardar Patel Stadium, Motera",Rajasthan Royals,bat,Rajasthan Royals,runs,17,178,20,0,Normal,SS Hazare,SJA Taufel,2010,1,Rajasthan Royals,Chennai Super Kings,1,0,Win
419130,Mumbai,2010-03-28,League,Harbhajan Singh,Dr DY Patil Sports Academy,Deccan Chargers,field,Mumbai Indians,runs,41,173,20,0,Normal,S Das,K Hariharan,2010,0,Deccan Chargers,Mumbai Indians,1,0,Loss
419131,Delhi,2010-03-29,League,DA Warner,Feroz Shah Kotla,Delhi Capitals,bat,Delhi Capitals,runs,40,178,20,0,Normal,SS Hazare,SJA Taufel,2010,1,Delhi Capitals,Kolkata Knight Riders,1,0,Win
419132,Mumbai,2010-03-30,League,SL Malinga,Brabourne Stadium,Mumbai Indians,field,Mumbai Indians,wickets,4,164,20,0,Normal,BR Doctrove,SK Tarapore,2010,1,Mumbai Indians,Punjab Kings,0,1,Win
419133,Chennai,2010-03-31,League,M Vijay,"MA Chidambaram Stadium, Chepauk",Royal Challengers Bengaluru,bat,Chennai Super Kings,wickets,5,162,20,0,Normal,BG Jerling,RE Koertzen,2010,0,Chennai Super Kings,Royal Challengers Bengaluru,0,1,Win
419134,Delhi,2010-03-31,League,KD Karthik,Feroz Shah Kotla,Delhi Capitals,bat,Delhi Capitals,runs,67,189,20,0,Normal,HDPK Dharmasena,SJA Taufel,2010,1,Delhi Capitals,Rajasthan Royals,1,0,Win
419135,Kolkata,2010-04-01,League,SC Ganguly,Eden Gardens,Kolkata Knight Riders,bat,Kolkata Knight Riders,runs,24,182,20,0,Normal,K Hariharan,DJ Harper,2010,1,Kolkata Knight Riders,Deccan Chargers,1,0,Win
419136,Chandigarh,2010-04-02,League,KP Pietersen,"Punjab Cricket Association Stadium, Mohali",Punjab Kings,bat,Royal Challengers Bengaluru,wickets,6,182,20,0,Normal,BF Bowden,M Erasmus,2010,0,Punjab Kings,Royal Challengers Bengaluru,0,1,Loss
419137,Chennai,2010-04-03,League,M Vijay,"MA Chidambaram Stadium, Chepauk",Chennai Super Kings,bat,Chennai Super Kings,runs,23,247,20,0,Normal,RE Koertzen,RB Tiffin,2010,1,Chennai Super Kings,Rajasthan Royals,1,0,Win
419138,Mumbai,2010-04-03,League,AT Rayudu,Brabourne Stadium,Mumbai Indians,bat,Mumbai Indians,runs,63,179,20,0,Normal,BR Doctrove,S Ravi,2010,1,Mumbai Indians,Deccan Chargers,1,0,Win
419139,Kolkata,2010-04-04,League,DPMD Jayawardene,Eden Gardens,Kolkata Knight Riders,bat,Punjab Kings,wickets,8,201,20,0,Normal,S Asnani,DJ Harper,2010,0,Kolkata Knight Riders,Punjab Kings,0,1,Loss
419140,Delhi,2010-04-04,League,PD Collingwood,Feroz Shah Kotla,Delhi Capitals,bat,Delhi Capitals,runs,37,185,20,0,Normal,BF Bowden,M Erasmus,2010,1,Delhi Capitals,Royal Challengers Bengaluru,1,0,Win
419141,Nagpur,2010-04-05,League,SK Warne,"Vidarbha Cricket Association Stadium, Jamtha",Rajasthan Royals,bat,Rajasthan Royals,runs,2,160,20,0,Normal,HDPK Dharmasena,SJA Taufel,2010,1,Deccan Chargers,Rajasthan Royals,1,0,Loss
419142,Chennai,2010-04-06,League,SK Raina,"MA Chidambaram Stadium, Chepauk",Chennai Super Kings,bat,Chennai Super Kings,runs,24,166,20,0,Normal,S Asnani,DJ Harper,2010,1,Chennai Super Kings,Mumbai Indians,1,0,Win
419143,Jaipur,2010-04-07,League,MJ Lumb,Sawai Mansingh Stadium,Punjab Kings,bat,Rajasthan Royals,wickets,9,154,20,0,Normal,S Ravi,SK Tarapore,2010,0,Rajasthan Royals,Punjab Kings,0,1,Win
419144,Kolkata,2010-04-07,League,SC Ganguly,Eden Gardens,Kolkata Knight Riders,bat,Kolkata Knight Riders,runs,14,182,20,0,Normal,BG Jerling,RE Koertzen,2010,1,Kolkata Knight Riders,Delhi Capitals,1,0,Win
419145,Bangalore,2010-04-08,League,TL Suman,M Chinnaswamy Stadium,Deccan Chargers,field,Deccan Chargers,wickets,7,185,20,0,Normal,S Asnani,DJ Harper,2010,1,Royal Challengers Bengaluru,Deccan Chargers,0,1,Loss
419146,Chandigarh,2010-04-09,League,KC Sangakkara,"Punjab Cricket Association Stadium, Mohali",Mumbai Indians,bat,Punjab Kings,wickets,6,155,20,0,Normal,M Erasmus,AM Saheba,2010,0,Punjab Kings,Mumbai Indians,0,1,Win
419147,Nagpur,2010-04-10,League,RJ Harris,"Vidarbha Cricket Association Stadium, Jamtha",Chennai Super Kings,bat,Deccan Chargers,wickets,6,139,20,0,Normal,HDPK Dharmasena,SJA Taufel,2010,0,Deccan Chargers,Chennai Super Kings,0,1,Win
419148,Bangalore,2010-04-10,League,R Vinay Kumar,M Chinnaswamy Stadium,Royal Challengers Bengaluru,field,Royal Challengers Bengaluru,wickets,7,161,20,0,Normal,K Hariharan,DJ Harper,2010,1,Royal Challengers Bengaluru,Kolkata Knight Riders,0,1,Win
419149,Delhi,2010-04-11,League,PP Chawla,Feroz Shah Kotla,Delhi Capitals,bat,Punjab Kings,wickets,7,112,20,0,Normal,BF Bowden,AM Saheba,2010,0,Delhi Capitals,Punjab Kings,0,1,Loss
419150,Jaipur,2010-04-11,League,SR Tendulkar,Sawai Mansingh Stadium,Rajasthan Royals,field,Mumbai Indians,runs,37,175,20,0,Normal,BR Doctrove,SK Tarapore,2010,0,Rajasthan Royals,Mumbai Indians,1,0,Loss
419151,Nagpur,2010-04-12,League,Harmeet Singh,"Vidarbha Cricket Association Stadium, Jamtha",Royal Challengers Bengaluru,field,Deccan Chargers,runs,13,152,20,0,Normal,RE Koertzen,RB Tiffin,2010,0,Deccan Chargers,Royal Challengers Bengaluru,1,0,Win
419152,Mumbai,2010-04-13,League,KA Pollard,Brabourne Stadium,Mumbai Indians,bat,Mumbai Indians,runs,39,184,20,0,Normal,S Asnani,DJ Harper,2010,1,Mumbai Indians,Delhi Capitals,1,0,Win
419153,Chennai,2010-04-13,League,R Ashwin,"MA Chidambaram Stadium, Chepauk",Kolkata Knight Riders,bat,Chennai Super Kings,wickets,9,140,20,0,Normal,SS Hazare,SJA Taufel,2010,0,Chennai Super Kings,Kolkata Knight Riders,0,1,Win
419154,Jaipur,2010-04-14,League,KP Pietersen,Sawai Mansingh Stadium,Rajasthan Royals,bat,Royal Challengers Bengaluru,wickets,5,131,20,0,Normal,BR Doctrove,S Ravi,2010,0,Rajasthan Royals,Royal Challengers Bengaluru,0,1,Loss
419155,Chennai,2010-04-15,League,G Gambhir,"MA Chidambaram Stadium, Chepauk",Chennai Super Kings,bat,Delhi Capitals,wickets,6,113,20,0,Normal,HDPK Dharmasena,SS Hazare,2010,0,Chennai Super Kings,Delhi Capitals,0,1,Loss
419156,Dharamsala,2010-04-16,League,RG Sharma,Himachal Pradesh Cricket Association Stadium,Deccan Chargers,field,Deccan Chargers,wickets,5,175,20,0,Normal,M Erasmus,AM Saheba,2010,1,Punjab Kings,Deccan Chargers,0,1,Loss
419157,Bangalore,2010-04-17,League,R McLaren,M Chinnaswamy Stadium,Royal Challengers Bengaluru,field,Mumbai Indians,runs,57,192,20,0,Normal,HDPK Dharmasena,SJA Taufel,2010,0,Royal Challengers Bengaluru,Mumbai Indians,1,0,Loss
419158,Kolkata,2010-04-17,League,JD Unadkat,Eden Gardens,Rajasthan Royals,bat,Kolkata Knight Riders,wickets,8,133,20,0,Normal,BG Jerling,RB Tiffin,2010,0,Kolkata Knight Riders,Rajasthan Royals,0,1,Win
419159,Dharamsala,2010-04-18,League,MS Dhoni,Himachal Pradesh Cricket Association Stadium,Chennai Super Kings,field,Chennai Super Kings,wickets,6,193,20,0,Normal,BF Bowden,AM Saheba,2010,1,Punjab Kings,Chennai Super Kings,0,1,Loss
419160,Delhi,2010-04-18,League,A Symonds,Feroz Shah Kotla,Deccan Chargers,bat,Deccan Chargers,runs,11,146,20,0,Normal,BR Doctrove,SK Tarapore,2010,1,Delhi Capitals,Deccan Chargers,1,0,Loss
419161,Kolkata,2010-04-19,League,M Kartik,Eden Gardens,Mumbai Indians,bat,Kolkata Knight Riders,wickets,9,134,20,0,Normal,BG Jerling,RE Koertzen,2010,0,Kolkata Knight Riders,Mumbai Indians,0,1,Win
419162,Mumbai,2010-04-21,Semi Final,KA Pollard,Dr DY Patil Sports Academy,Mumbai Indians,bat,Mumbai Indians,runs,35,185,20,0,Normal,BR Doctrove,RB Tiffin,2010,1,Royal Challengers Bengaluru,Mumbai Indians,1,0,Loss
419163,Mumbai,2010-04-22,Semi Final,DE Bollinger,Dr DY Patil Sports Academy,Chennai Super Kings,bat,Chennai Super Kings,runs,38,143,20,0,Normal,BR Doctrove,RB Tiffin,2010,1,Chennai Super Kings,Deccan Chargers,1,0,Win
419164,Mumbai,2010-04-24,3rd Place Play-Off,A Kumble,Dr DY Patil Sports Academy,Deccan Chargers,bat,Royal Challengers Bengaluru,wickets,9,83,20,0,Normal,RE Koertzen,SJA Taufel,2010,0,Royal Challengers Bengaluru,Deccan Chargers,0,1,Win
419165,Mumbai,2010-04-25,Final,SK Raina,Dr DY Patil Sports Academy,Chennai Super Kings,bat,Chennai Super Kings,runs,22,169,20,0,Normal,RE Koertzen,SJA Taufel,2010,1,Chennai Super Kings,Mumbai Indians,1,0,Win
501198,Chennai,2011-04-08,League,S Anirudha,"MA Chidambaram Stadium, Chepauk",Chennai Super Kings,bat,Chennai Super Kings,runs,2,154,20,0,Normal,BR Doctrove,PR Reiffel,2011,1,Chennai Super Kings,Kolkata Knight Riders,1,0,Win
501199,Hyderabad,2011-04-09,League,SK Trivedi,"Rajiv Gandhi International Stadium, Uppal",Rajasthan Royals,field,Rajasthan Royals,wickets,8,138,20,0,Normal,RE Koertzen,SK Tarapore,2011,1,Deccan Chargers,Rajasthan Royals,0,1,Loss
501200,Kochi,2011-04-09,League,AB de Villiers,Nehru Stadium,Kochi Tuskers Kerala,bat,Royal Challengers Bengaluru,wickets,6,162,20,0,Normal,HDPK Dharmasena,K Hariharan,2011,0,Kochi Tuskers Kerala,Royal Challengers Bengaluru,0,1,Loss
501201,Delhi,2011-04-10,League,SL Malinga,Feroz Shah Kotla,Delhi Capitals,bat,Mumbai Indians,wickets,8,96,20,0,Normal,AM Saheba,RB Tiffin,2011,0,Delhi Capitals,Mumbai Indians,0,1,Loss
501202,Mumbai,2011-04-10,League,SB Wagh,Dr DY Patil Sports Academy,Punjab Kings,bat,Pune Warriors India,wickets,7,113,20,0,Normal,BR Doctrove,PR Reiffel,2011,0,Pune Warriors India,Punjab Kings,0,1,Win
501203,Kolkata,2011-04-11,League,JH Kallis,Eden Gardens,Kolkata Knight Riders,bat,Kolkata Knight Riders,runs,9,164,20,0,Normal,RE Koertzen,SK Tarapore,2011,1,Kolkata Knight Riders,Deccan Chargers,1,0,Win
501204,Jaipur,2011-04-12,League,SK Warne,Sawai Mansingh Stadium,Delhi Capitals,bat,Rajasthan Royals,wickets,6,152,20,0,Normal,Aleem Dar,RB Tiffin,2011,0,Rajasthan Royals,Delhi Capitals,0,1,Win
501205,Bangalore,2011-04-12,League,SR Tendulkar,M Chinnaswamy Stadium,Mumbai Indians,field,Mumbai Indians,wickets,9,141,20,0,Normal,HDPK Dharmasena,AL Hill,2011,1,Royal Challengers Bengaluru,Mumbai Indians,0,1,Loss
501206,Chandigarh,2011-04-13,League,PC Valthaty,"Punjab Cricket Association Stadium, Mohali",Punjab Kings,field,Punjab Kings,wickets,6,189,20,0,Normal,Asad Rauf,SL Shastri,2011,1,Punjab Kings,Chennai Super Kings,0,1,Win
501207,Mumbai,2011-04-13,League,MD Mishra,Dr DY Patil Sports Academy,Kochi Tuskers Kerala,bat,Pune Warriors India,wickets,4,149,20,0,Normal,S Asnani,PR Reiffel,2011,0,Pune Warriors India,Kochi Tuskers Kerala,0,1,Win
501208,Hyderabad,2011-04-14,League,DW Steyn,"Rajiv Gandhi International Stadium, Uppal",Royal Challengers Bengaluru,field,Deccan Chargers,runs,33,176,20,0,Normal,RE Koertzen,S Ravi,2011,0,Deccan Chargers,Royal Challengers Bengaluru,1,0,Win
501209,Jaipur,2011-04-15,League,G Gambhir,Sawai Mansingh Stadium,Kolkata Knight Riders,field,Kolkata Knight Riders,wickets,9,160,20,0,Normal,Aleem Dar,SS Hazare,2011,1,Rajasthan Royals,Kolkata Knight Riders,0,1,Loss
501210,Mumbai,2011-04-15,League,BB McCullum,Wankhede Stadium,Kochi Tuskers Kerala,field,Kochi Tuskers Kerala,wickets,8,183,20,0,Normal,BR Doctrove,PR Reiffel,2011,1,Mumbai Indians,Kochi Tuskers Kerala,0,1,Loss
501211,Chennai,2011-04-16,League,MEK Hussey,"MA Chidambaram Stadium, Chepauk",Chennai Super Kings,bat,Chennai Super Kings,runs,21,184,20,0,Normal,HDPK Dharmasena,AL Hill,2011,1,Chennai Super Kings,Royal Challengers Bengaluru,1,0,Win
501212,Hyderabad,2011-04-16,League,PC Valthaty,"Rajiv Gandhi International Stadium, Uppal",Punjab Kings,field,Punjab Kings,wickets,8,166,20,0,Normal,RE Koertzen,S Ravi,2011,1,Deccan Chargers,Punjab Kings,0,1,Loss
501213,Mumbai,2011-04-17,League,Yuvraj Singh,Dr DY Patil Sports Academy,Delhi Capitals,field,Delhi Capitals,wickets,3,188,20,0,Normal,Asad Rauf,AM Saheba,2011,1,Pune Warriors India,Delhi Capitals,0,1,Loss
501214,Kolkata,2011-04-17,League,L Balaji,Eden Gardens,Kolkata Knight Riders,field,Kolkata Knight Riders,wickets,8,82,20,0,Normal,Aleem Dar,RB Tiffin,2011,1,Kolkata Knight Riders,Rajasthan Royals,0,1,Win
501215,Kochi,2011-04-18,League,BB McCullum,Nehru Stadium,Kochi Tuskers Kerala,field,Kochi Tuskers Kerala,wickets,7,135,17,0,D/L,K Hariharan,AL Hill,2011,1,Kochi Tuskers Kerala,Chennai Super Kings,0,1,Win
501216,Delhi,2011-04-19,League,S Sohal,Feroz Shah Kotla,Deccan Chargers,bat,Deccan Chargers,runs,16,169,20,0,Normal,PR Reiffel,RJ Tucker,2011,1,Delhi Capitals,Deccan Chargers,1,0,Loss
501218,Mumbai,2011-04-20,League,MM Patel,Wankhede Stadium,Pune Warriors India,bat,Mumbai Indians,wickets,7,119,20,0,Normal,Asad Rauf,AM Saheba,2011,0,Mumbai Indians,Pune Warriors India,0,1,Win
501219,Kolkata,2011-04-20,League,DPMD Jayawardene,Eden Gardens,Kolkata Knight Riders,field,Kochi Tuskers Kerala,runs,6,133,20,0,Normal,Aleem Dar,RB Tiffin,2011,0,Kolkata Knight Riders,Kochi Tuskers Kerala,1,0,Loss
501220,Chandigarh,2011-04-21,League,SE Marsh,"Punjab Cricket Association Stadium, Mohali",Rajasthan Royals,field,Punjab Kings,runs,48,196,20,0,Normal,S Asnani,PR Reiffel,2011,0,Punjab Kings,Rajasthan Royals,1,0,Win
501221,Mumbai,2011-04-22,League,Harbhajan Singh,Wankhede Stadium,Chennai Super Kings,field,Mumbai Indians,runs,8,165,20,0,Normal,Asad Rauf,AM Saheba,2011,0,Mumbai Indians,Chennai Super Kings,1,0,Win
501222,Kolkata,2011-04-22,League,CH Gayle,Eden Gardens,Royal Challengers Bengaluru,field,Royal Challengers Bengaluru,wickets,9,172,20,0,Normal,SS Hazare,RB Tiffin,2011,1,Kolkata Knight Riders,Royal Challengers Bengaluru,0,1,Loss
501223,Delhi,2011-04-23,League,DA Warner,Feroz Shah Kotla,Punjab Kings,field,Delhi Capitals,runs,29,232,20,0,Normal,S Asnani,RE Koertzen,2011,0,Delhi Capitals,Punjab Kings,1,0,Win
501224,Hyderabad,2011-04-24,League,SL Malinga,"Rajiv Gandhi International Stadium, Uppal",Deccan Chargers,field,Mumbai Indians,runs,37,173,20,0,Normal,HDPK Dharmasena,AL Hill,2011,0,Deccan Chargers,Mumbai Indians,1,0,Loss
501225,Jaipur,2011-04-24,League,SK Warne,Sawai Mansingh Stadium,Rajasthan Royals,field,Rajasthan Royals,wickets,8,110,20,0,Normal,BR Doctrove,SK Tarapore,2011,1,Rajasthan Royals,Kochi Tuskers Kerala,0,1,Win
501226,Chennai,2011-04-25,League,MEK Hussey,"MA Chidambaram Stadium, Chepauk",Pune Warriors India,field,Chennai Super Kings,runs,25,143,20,0,Normal,Aleem Dar,RB Tiffin,2011,0,Chennai Super Kings,Pune Warriors India,1,0,Win
501227,Delhi,2011-04-26,League,V Kohli,Feroz Shah Kotla,Royal Challengers Bengaluru,field,Royal Challengers Bengaluru,wickets,3,161,20,0,Normal,S Asnani,RJ Tucker,2011,1,Delhi Capitals,Royal Challengers Bengaluru,0,1,Loss
501228,Mumbai,2011-04-27,League,DE Bollinger,Dr DY Patil Sports Academy,Pune Warriors India,bat,Chennai Super Kings,wickets,8,142,20,0,Normal,Asad Rauf,SL Shastri,2011,0,Pune Warriors India,Chennai Super Kings,0,1,Loss
501229,Kochi,2011-04-27,League,I Sharma,Nehru Stadium,Kochi Tuskers Kerala,field,Deccan Chargers,runs,55,130,20,0,Normal,HDPK Dharmasena,AL Hill,2011,0,Kochi Tuskers Kerala,Deccan Chargers,1,0,Loss
501230,Delhi,2011-04-28,League,MK Tiwary,Feroz Shah Kotla,Delhi Capitals,field,Kolkata Knight Riders,runs,17,149,20,0,Normal,PR Reiffel,RJ Tucker,2011,0,Delhi Capitals,Kolkata Knight Riders,1,0,Loss
501231,Jaipur,2011-04-29,League,J Botha,Sawai Mansingh Stadium,Rajasthan Royals,field,Rajasthan Royals,wickets,7,95,20,0,Normal,Asad Rauf,SK Tarapore,2011,1,Rajasthan Royals,Mumbai Indians,0,1,Win
501232,Bangalore,2011-04-29,League,V Kohli,M Chinnaswamy Stadium,Pune Warriors India,field,Royal Challengers Bengaluru,runs,26,182,20,0,Normal,Aleem Dar,SS Hazare,2011,0,Royal Challengers Bengaluru,Pune Warriors India,1,0,Win
501233,Kochi,2011-04-30,League,V Sehwag,Nehru Stadium,Delhi Capitals,bat,Delhi Capitals,runs,38,158,20,0,Normal,HDPK Dharmasena,AL Hill,2011,1,Kochi Tuskers Kerala,Delhi Capitals,1,0,Loss
501234,Kolkata,2011-04-30,League,Iqbal Abdulla,Eden Gardens,Kolkata Knight Riders,field,Kolkata Knight Riders,wickets,8,120,20,0,Normal,AM Saheba,SL Shastri,2011,1,Kolkata Knight Riders,Punjab Kings,0,1,Win
501235,Jaipur,2011-05-01,League,LRPL Taylor,Sawai Mansingh Stadium,Rajasthan Royals,field,Rajasthan Royals,wickets,6,144,20,0,Normal,SK Tarapore,SJA Taufel,2011,1,Rajasthan Royals,Pune Warriors India,0,1,Win
501236,Chennai,2011-05-01,League,JA Morkel,"MA Chidambaram Stadium, Chepauk",Chennai Super Kings,bat,Chennai Super Kings,runs,19,166,20,0,Normal,Aleem Dar,RB Tiffin,2011,1,Chennai Super Kings,Deccan Chargers,1,0,Win
501237,Mumbai,2011-05-02,League,KA Pollard,Wankhede Stadium,Punjab Kings,field,Mumbai Indians,runs,23,160,20,0,Normal,HDPK Dharmasena,PR Reiffel,2011,0,Mumbai Indians,Punjab Kings,1,0,Win
501238,Delhi,2011-05-02,League,P Parameswaran,Feroz Shah Kotla,Kochi Tuskers Kerala,field,Kochi Tuskers Kerala,wickets,7,141,20,0,Normal,Asad Rauf,SL Shastri,2011,1,Delhi Capitals,Kochi Tuskers Kerala,0,1,Loss
501239,Hyderabad,2011-05-03,League,YK Pathan,"Rajiv Gandhi International Stadium, Uppal",Deccan Chargers,field,Kolkata Knight Riders,runs,20,170,20,0,Normal,S Asnani,RJ Tucker,2011,0,Deccan Chargers,Kolkata Knight Riders,1,0,Loss
501240,Chennai,2011-05-04,League,MEK Hussey,"MA Chidambaram Stadium, Chepauk",Rajasthan Royals,bat,Chennai Super Kings,wickets,8,148,20,0,Normal,SS Hazare,RB Tiffin,2011,0,Chennai Super Kings,Rajasthan Royals,0,1,Win
501241,Mumbai,2011-05-04,League,R Sharma,Dr DY Patil Sports Academy,Pune Warriors India,field,Mumbai Indians,runs,21,161,20,0,Normal,HDPK Dharmasena,SJA Taufel,2011,0,Pune Warriors India,Mumbai Indians,1,0,Loss
501242,Kochi,2011-05-05,League,BJ Hodge,Nehru Stadium,Kolkata Knight Riders,field,Kochi Tuskers Kerala,runs,17,157,20,0,Normal,S Ravi,RJ Tucker,2011,0,Kochi Tuskers Kerala,Kolkata Knight Riders,1,0,Win
501243,Hyderabad,2011-05-05,League,V Sehwag,"Rajiv Gandhi International Stadium, Uppal",Delhi Capitals,field,Delhi Capitals,wickets,4,176,20,0,Normal,Asad Rauf,AM Saheba,2011,1,Deccan Chargers,Delhi Capitals,0,1,Loss
501244,Bangalore,2011-05-06,League,CH Gayle,M Chinnaswamy Stadium,Punjab Kings,field,Royal Challengers Bengaluru,runs,85,206,20,0,Normal,Aleem Dar,RB Tiffin,2011,0,Royal Challengers Bengaluru,Punjab Kings,1,0,Win
501245,Kolkata,2011-05-07,League,Iqbal Abdulla,Eden Gardens,Chennai Super Kings,bat,Kolkata Knight Riders,runs,10,52,10,0,D/L,Asad Rauf,PR Reiffel,2011,0,Kolkata Knight Riders,Chennai Super Kings,1,0,Win
501246,Mumbai,2011-05-07,League,AT Rayudu,Wankhede Stadium,Delhi Capitals,field,Mumbai Indians,runs,32,179,20,0,Normal,K Hariharan,SJA Taufel,2011,0,Mumbai Indians,Delhi Capitals,1,0,Win
501247,Bangalore,2011-05-08,League,CH Gayle,M Chinnaswamy Stadium,Kochi Tuskers Kerala,bat,Royal Challengers Bengaluru,wickets,9,126,20,0,Normal,Aleem Dar,SS Hazare,2011,0,Royal Challengers Bengaluru,Kochi Tuskers Kerala,0,1,Win
501248,Chandigarh,2011-05-08,League,R Sharma,"Punjab Cricket Association Stadium, Mohali",Punjab Kings,bat,Pune Warriors India,wickets,5,120,20,0,Normal,SK Tarapore,RJ Tucker,2011,0,Punjab Kings,Pune Warriors India,0,1,Loss
501249,Jaipur,2011-05-09,League,M Vijay,Sawai Mansingh Stadium,Rajasthan Royals,field,Chennai Super Kings,runs,63,197,20,0,Normal,K Hariharan,SJA Taufel,2011,0,Rajasthan Royals,Chennai Super Kings,1,0,Loss
501250,Hyderabad,2011-05-10,League,MR Marsh,"Rajiv Gandhi International Stadium, Uppal",Deccan Chargers,bat,Pune Warriors India,wickets,6,137,20,0,Normal,Asad Rauf,AM Saheba,2011,0,Deccan Chargers,Pune Warriors India,0,1,Loss
501251,Chandigarh,2011-05-10,League,BA Bhatt,"Punjab Cricket Association Stadium, Mohali",Mumbai Indians,field,Punjab Kings,runs,76,164,20,0,Normal,SK Tarapore,RJ Tucker,2011,0,Punjab Kings,Mumbai Indians,1,0,Win
501252,Jaipur,2011-05-11,League,S Aravind,Sawai Mansingh Stadium,Royal Challengers Bengaluru,field,Royal Challengers Bengaluru,wickets,9,147,20,0,Normal,HDPK Dharmasena,K Hariharan,2011,1,Rajasthan Royals,Royal Challengers Bengaluru,0,1,Loss
501253,Chennai,2011-05-12,League,MS Dhoni,"MA Chidambaram Stadium, Chepauk",Chennai Super Kings,bat,Chennai Super Kings,runs,18,177,20,0,Normal,AM Saheba,SL Shastri,2011,1,Chennai Super Kings,Delhi Capitals,1,0,Win
501254,Indore,2011-05-13,League,KD Karthik,Holkar Cricket Stadium,Punjab Kings,field,Punjab Kings,wickets,6,179,20,0,Normal,S Asnani,RJ Tucker,2011,1,Kochi Tuskers Kerala,Punjab Kings,0,1,Loss
501255,Bangalore,2011-05-14,League,CH Gayle,M Chinnaswamy Stadium,Royal Challengers Bengaluru,field,Royal Challengers Bengaluru,wickets,4,102,13,0,D/L,RE Koertzen,RB Tiffin,2011,1,Royal Challengers Bengaluru,Kolkata Knight Riders,0,1,Win
501256,Mumbai,2011-05-14,League,A Mishra,Wankhede Stadium,Deccan Chargers,bat,Deccan Chargers,runs,10,136,20,0,Normal,S Ravi,SK Tarapore,2011,1,Mumbai Indians,Deccan Chargers,1,0,Loss
501257,Dharamsala,2011-05-15,League,PP Chawla,Himachal Pradesh Cricket Association Stadium,Delhi Capitals,field,Punjab Kings,runs,29,171,20,0,Normal,Asad Rauf,SL Shastri,2011,0,Punjab Kings,Delhi Capitals,1,0,Win
501258,Indore,2011-05-15,League,BJ Hodge,Holkar Cricket Stadium,Kochi Tuskers Kerala,field,Kochi Tuskers Kerala,wickets,8,98,20,0,Normal,PR Reiffel,RJ Tucker,2011,1,Kochi Tuskers Kerala,Rajasthan Royals,0,1,Win
501259,Mumbai,2011-05-16,League,A Mishra,Dr DY Patil Sports Academy,Deccan Chargers,field,Deccan Chargers,wickets,6,137,20,0,Normal,S Ravi,SK Tarapore,2011,1,Pune Warriors India,Deccan Chargers,0,1,Loss
501260,Dharamsala,2011-05-17,League,AC Gilchrist,Himachal Pradesh Cricket Association Stadium,Punjab Kings,bat,Punjab Kings,runs,111,233,20,0,Normal,Asad Rauf,AM Saheba,2011,1,Punjab Kings,Royal Challengers Bengaluru,1,0,Win
501261,Chennai,2011-05-18,League,WP Saha,"MA Chidambaram Stadium, Chepauk",Chennai Super Kings,bat,Chennai Super Kings,runs,11,153,20,0,Normal,HDPK Dharmasena,RE Koertzen,2011,1,Chennai Super Kings,Kochi Tuskers Kerala,1,0,Win
501262,Mumbai,2011-05-19,League,YK Pathan,Dr DY Patil Sports Academy,Kolkata Knight Riders,field,Kolkata Knight Riders,wickets,7,119,20,0,Normal,S Ravi,SJA Taufel,2011,1,Pune Warriors India,Kolkata Knight Riders,0,1,Loss
501263,Mumbai,2011-05-20,League,SR Watson,Wankhede Stadium,Mumbai Indians,bat,Rajasthan Royals,wickets,10,134,20,0,Normal,RE Koertzen,PR Reiffel,2011,0,Mumbai Indians,Rajasthan Royals,0,1,Loss
501264,Dharamsala,2011-05-21,League,S Dhawan,Himachal Pradesh Cricket Association Stadium,Punjab Kings,field,Deccan Chargers,runs,82,199,20,0,Normal,Asad Rauf,AM Saheba,2011,0,Punjab Kings,Deccan Chargers,1,0,Loss
501265,Delhi,2011-05-21,League,No Award,Feroz Shah Kotla,Delhi Capitals,bat,No Result,no result,0,0,0,0,Normal,SS Hazare,RJ Tucker,2011,0,Delhi Capitals,Pune Warriors India,0,0,No Result
501266,Bangalore,2011-05-22,League,CH Gayle,M Chinnaswamy Stadium,Royal Challengers Bengaluru,field,Royal Challengers Bengaluru,wickets,8,129,20,0,Normal,K Hariharan,RE Koertzen,2011,1,Royal Challengers Bengaluru,Chennai Super Kings,0,1,Win
501267,Kolkata,2011-05-22,League,JEC Franklin,Eden Gardens,Mumbai Indians,field,Mumbai Indians,wickets,5,176,20,0,Normal,SK Tarapore,SJA Taufel,2011,1,Kolkata Knight Riders,Mumbai Indians,0,1,Loss
501268,Mumbai,2011-05-24,Qualifier 1,SK Raina,Wankhede Stadium,Chennai Super Kings,field,Chennai Super Kings,wickets,6,176,20,0,Normal,Asad Rauf,SJA Taufel,2011,1,Royal Challengers Bengaluru,Chennai Super Kings,0,1,Loss
501269,Mumbai,2011-05-25,Elimination Final,MM Patel,Wankhede Stadium,Mumbai Indians,field,Mumbai Indians,wickets,4,148,20,0,Normal,Asad Rauf,SJA Taufel,2011,1,Mumbai Indians,Kolkata Knight Riders,0,1,Win
501270,Chennai,2011-05-27,Qualifier 2,CH Gayle,"MA Chidambaram Stadium, Chepauk",Mumbai Indians,field,Royal Challengers Bengaluru,runs,43,186,20,0,Normal,Asad Rauf,SJA Taufel,2011,0,Royal Challengers Bengaluru,Mumbai Indians,1,0,Win
501271,Chennai,2011-05-28,Final,M Vijay,"MA Chidambaram Stadium, Chepauk",Chennai Super Kings,bat,Chennai Super Kings,runs,58,206,20,0,Normal,Asad Rauf,SJA Taufel,2011,1,Chennai Super Kings,Royal Challengers Bengaluru,1,0,Win
548306,Chennai,2012-04-04,League,RE Levi,"MA Chidambaram Stadium, Chepauk",Mumbai Indians,field,Mumbai Indians,wickets,8,113,20,0,Normal,JD Cloete,SJA Taufel,2012,1,Chennai Super Kings,Mumbai Indians,0,1,Loss
548307,Kolkata,2012-04-05,League,IK Pathan,Eden Gardens,Delhi Capitals,field,Delhi Capitals,wickets,8,98,12,0,Normal,S Asnani,HDPK Dharmasena,2012,1,Kolkata Knight Riders,Delhi Capitals,0,1,Loss
548308,Mumbai,2012-04-06,League,SPD Smith,Wankhede Stadium,Mumbai Indians,field,Pune Warriors India,runs,28,130,20,0,Normal,AK Chaudhary,SJA Taufel,2012,0,Mumbai Indians,Pune Warriors India,1,0,Loss
548309,Jaipur,2012-04-06,League,AM Rahane,Sawai Mansingh Stadium,Punjab Kings,field,Rajasthan Royals,runs,31,192,20,0,Normal,BF Bowden,SK Tarapore,2012,0,Rajasthan Royals,Punjab Kings,1,0,Win
548310,Bangalore,2012-04-07,League,AB de Villiers,M Chinnaswamy Stadium,Delhi Capitals,field,Royal Challengers Bengaluru,runs,20,158,20,0,Normal,S Asnani,S Ravi,2012,0,Royal Challengers Bengaluru,Delhi Capitals,1,0,Win
548311,Visakhapatnam,2012-04-07,League,RA Jadeja,Dr. Y.S. Rajasekhara Reddy ACA-VDCA Cricket Stadium,Deccan Chargers,field,Chennai Super Kings,runs,74,194,20,0,Normal,JD Cloete,HDPK Dharmasena,2012,0,Deccan Chargers,Chennai Super Kings,1,0,Loss
548312,Jaipur,2012-04-08,League,BJ Hodge,Sawai Mansingh Stadium,Kolkata Knight Riders,field,Rajasthan Royals,runs,22,165,20,0,Normal,BF Bowden,VA Kulkarni,2012,0,Rajasthan Royals,Kolkata Knight Riders,1,0,Win
548313,Pune,2012-04-08,League,MN Samuels,Subrata Roy Sahara Stadium,Pune Warriors India,bat,Pune Warriors India,runs,22,167,20,0,Normal,S Das,SJA Taufel,2012,1,Pune Warriors India,Punjab Kings,1,0,Win
548314,Visakhapatnam,2012-04-09,League,RG Sharma,Dr. Y.S. Rajasekhara Reddy ACA-VDCA Cricket Stadium,Deccan Chargers,bat,Mumbai Indians,wickets,5,139,20,0,Normal,AK Chaudhary,JD Cloete,2012,0,Deccan Chargers,Mumbai Indians,0,1,Loss
548315,Bangalore,2012-04-10,League,L Balaji,M Chinnaswamy Stadium,Royal Challengers Bengaluru,field,Kolkata Knight Riders,runs,42,166,20,0,Normal,S Ravi,RJ Tucker,2012,0,Royal Challengers Bengaluru,Kolkata Knight Riders,1,0,Loss
548316,Delhi,2012-04-10,League,M Morkel,Feroz Shah Kotla,Delhi Capitals,field,Delhi Capitals,wickets,8,111,20,0,Normal,Asad Rauf,SK Tarapore,2012,1,Delhi Capitals,Chennai Super Kings,0,1,Win
548317,Mumbai,2012-04-11,League,KA Pollard,Wankhede Stadium,Rajasthan Royals,field,Mumbai Indians,runs,27,198,20,0,Normal,Aleem Dar,BNJ Oxenford,2012,0,Mumbai Indians,Rajasthan Royals,1,0,Win
548318,Chennai,2012-04-12,League,F du Plessis,"MA Chidambaram Stadium, Chepauk",Royal Challengers Bengaluru,bat,Chennai Super Kings,wickets,5,206,20,0,Normal,HDPK Dharmasena,RJ Tucker,2012,0,Chennai Super Kings,Royal Challengers Bengaluru,0,1,Win
548319,Chandigarh,2012-04-12,League,AD Mascarenhas,"Punjab Cricket Association Stadium, Mohali",Punjab Kings,field,Punjab Kings,wickets,7,116,20,0,Normal,VA Kulkarni,SK Tarapore,2012,1,Punjab Kings,Pune Warriors India,0,1,Win
548320,Kolkata,2012-04-13,League,Shakib Al Hasan,Eden Gardens,Rajasthan Royals,bat,Kolkata Knight Riders,wickets,5,132,20,0,Normal,Asad Rauf,S Asnani,2012,0,Kolkata Knight Riders,Rajasthan Royals,0,1,Win
548322,Pune,2012-04-14,League,JD Ryder,Subrata Roy Sahara Stadium,Chennai Super Kings,bat,Pune Warriors India,wickets,7,156,20,0,Normal,Aleem Dar,BNJ Oxenford,2012,0,Pune Warriors India,Chennai Super Kings,0,1,Win
548323,Kolkata,2012-04-15,League,SP Narine,Eden Gardens,Kolkata Knight Riders,field,Punjab Kings,runs,2,135,20,0,Normal,Asad Rauf,S Asnani,2012,0,Kolkata Knight Riders,Punjab Kings,1,0,Loss
548324,Bangalore,2012-04-15,League,AM Rahane,M Chinnaswamy Stadium,Rajasthan Royals,bat,Rajasthan Royals,runs,59,196,20,0,Normal,JD Cloete,RJ Tucker,2012,1,Royal Challengers Bengaluru,Rajasthan Royals,1,0,Loss
548325,Mumbai,2012-04-16,League,S Nadeem,Wankhede Stadium,Delhi Capitals,field,Delhi Capitals,wickets,7,93,20,0,Normal,BF Bowden,SK Tarapore,2012,1,Mumbai Indians,Delhi Capitals,0,1,Loss
548326,Jaipur,2012-04-17,League,BJ Hodge,Sawai Mansingh Stadium,Deccan Chargers,bat,Rajasthan Royals,wickets,5,197,20,0,Normal,Aleem Dar,BNJ Oxenford,2012,0,Rajasthan Royals,Deccan Chargers,0,1,Win
548327,Bangalore,2012-04-17,League,CH Gayle,M Chinnaswamy Stadium,Pune Warriors India,bat,Royal Challengers Bengaluru,wickets,6,183,20,0,Normal,S Asnani,S Das,2012,0,Royal Challengers Bengaluru,Pune Warriors India,0,1,Win
548328,Chandigarh,2012-04-18,League,G Gambhir,"Punjab Cricket Association Stadium, Mohali",Punjab Kings,bat,Kolkata Knight Riders,wickets,8,125,20,0,Normal,JD Cloete,RJ Tucker,2012,0,Punjab Kings,Kolkata Knight Riders,0,1,Loss
548321,Delhi,2012-04-19,League,KP Pietersen,Feroz Shah Kotla,Deccan Chargers,bat,Delhi Capitals,wickets,5,158,20,0,Normal,BF Bowden,SK Tarapore,2012,0,Delhi Capitals,Deccan Chargers,0,1,Win
548330,Chennai,2012-04-19,League,KMDN Kulasekara,"MA Chidambaram Stadium, Chepauk",Pune Warriors India,field,Chennai Super Kings,runs,13,165,20,0,Normal,Asad Rauf,S Das,2012,0,Chennai Super Kings,Pune Warriors India,1,0,Win
548331,Chandigarh,2012-04-20,League,CH Gayle,"Punjab Cricket Association Stadium, Mohali",Royal Challengers Bengaluru,field,Royal Challengers Bengaluru,wickets,5,164,20,0,Normal,S Ravi,RJ Tucker,2012,1,Punjab Kings,Royal Challengers Bengaluru,0,1,Loss
548332,Chennai,2012-04-21,League,F du Plessis,"MA Chidambaram Stadium, Chepauk",Rajasthan Royals,bat,Chennai Super Kings,wickets,7,147,20,0,Normal,Aleem Dar,BNJ Oxenford,2012,0,Chennai Super Kings,Rajasthan Royals,0,1,Win
548333,Delhi,2012-04-21,League,SC Ganguly,Feroz Shah Kotla,Delhi Capitals,field,Pune Warriors India,runs,20,193,20,0,Normal,Asad Rauf,S Das,2012,0,Delhi Capitals,Pune Warriors India,1,0,Loss
548334,Mumbai,2012-04-22,League,SE Marsh,Wankhede Stadium,Mumbai Indians,bat,Punjab Kings,wickets,6,164,20,0,Normal,S Ravi,RJ Tucker,2012,0,Mumbai Indians,Punjab Kings,0,1,Loss
548335,Cuttack,2012-04-22,League,B Lee,Barabati Stadium,Kolkata Knight Riders,field,Kolkata Knight Riders,wickets,5,127,20,0,Normal,BF Bowden,SK Tarapore,2012,1,Deccan Chargers,Kolkata Knight Riders,0,1,Loss
548336,Jaipur,2012-04-23,League,AB de Villiers,Sawai Mansingh Stadium,Rajasthan Royals,field,Royal Challengers Bengaluru,runs,46,190,20,0,Normal,Asad Rauf,S Asnani,2012,0,Rajasthan Royals,Royal Challengers Bengaluru,1,0,Loss
548337,Pune,2012-04-24,League,V Sehwag,Subrata Roy Sahara Stadium,Pune Warriors India,bat,Delhi Capitals,wickets,8,147,20,0,Normal,S Ravi,RJ Tucker,2012,0,Pune Warriors India,Delhi Capitals,0,1,Loss
548339,Chandigarh,2012-04-25,League,AT Rayudu,"Punjab Cricket Association Stadium, Mohali",Punjab Kings,bat,Mumbai Indians,wickets,4,169,20,0,Normal,Aleem Dar,BNJ Oxenford,2012,0,Punjab Kings,Mumbai Indians,0,1,Loss
548341,Pune,2012-04-26,League,CL White,Subrata Roy Sahara Stadium,Deccan Chargers,bat,Deccan Chargers,runs,18,178,20,0,Normal,S Ravi,RJ Tucker,2012,1,Pune Warriors India,Deccan Chargers,1,0,Loss
548342,Delhi,2012-04-27,League,V Sehwag,Feroz Shah Kotla,Mumbai Indians,field,Delhi Capitals,runs,37,208,20,0,Normal,Aleem Dar,BNJ Oxenford,2012,0,Delhi Capitals,Mumbai Indians,1,0,Win
548343,Chennai,2012-04-28,League,Mandeep Singh,"MA Chidambaram Stadium, Chepauk",Punjab Kings,bat,Punjab Kings,runs,7,157,20,0,Normal,BF Bowden,SK Tarapore,2012,1,Chennai Super Kings,Punjab Kings,1,0,Loss
548344,Kolkata,2012-04-28,League,G Gambhir,Eden Gardens,Kolkata Knight Riders,bat,Kolkata Knight Riders,runs,47,191,20,0,Normal,Asad Rauf,BR Doctrove,2012,1,Kolkata Knight Riders,Royal Challengers Bengaluru,1,0,Win
548345,Delhi,2012-04-29,League,V Sehwag,Feroz Shah Kotla,Delhi Capitals,bat,Delhi Capitals,runs,1,153,20,0,Normal,S Ravi,RJ Tucker,2012,1,Delhi Capitals,Rajasthan Royals,1,0,Win
548346,Mumbai,2012-04-29,League,DW Steyn,Wankhede Stadium,Mumbai Indians,field,Mumbai Indians,wickets,5,101,20,0,Normal,AK Chaudhary,BNJ Oxenford,2012,1,Mumbai Indians,Deccan Chargers,0,1,Win
548347,Chennai,2012-04-30,League,G Gambhir,"MA Chidambaram Stadium, Chepauk",Chennai Super Kings,bat,Kolkata Knight Riders,wickets,5,140,20,0,Normal,BF Bowden,C Shamshuddin,2012,0,Chennai Super Kings,Kolkata Knight Riders,0,1,Loss
548348,Cuttack,2012-05-01,League,KC Sangakkara,Barabati Stadium,Deccan Chargers,bat,Deccan Chargers,runs,13,187,20,0,Normal,Aleem Dar,AK Chaudhary,2012,1,Deccan Chargers,Pune Warriors India,1,0,Win
548349,Jaipur,2012-05-01,League,P Negi,Sawai Mansingh Stadium,Rajasthan Royals,bat,Delhi Capitals,wickets,6,142,20,0,Normal,JD Cloete,SJA Taufel,2012,0,Rajasthan Royals,Delhi Capitals,0,1,Loss
548350,Bangalore,2012-05-02,League,Azhar Mahmood,M Chinnaswamy Stadium,Punjab Kings,field,Punjab Kings,wickets,4,159,20,0,Normal,BF Bowden,C Shamshuddin,2012,1,Royal Challengers Bengaluru,Punjab Kings,0,1,Loss
548351,Pune,2012-05-03,League,SL Malinga,Subrata Roy Sahara Stadium,Mumbai Indians,bat,Mumbai Indians,runs,1,121,20,0,Normal,Asad Rauf,S Asnani,2012,1,Pune Warriors India,Mumbai Indians,1,0,Loss
548352,Chennai,2012-05-04,League,SK Raina,"MA Chidambaram Stadium, Chepauk",Chennai Super Kings,bat,Chennai Super Kings,runs,10,161,20,0,Normal,HDPK Dharmasena,BNJ Oxenford,2012,1,Chennai Super Kings,Deccan Chargers,1,0,Win
548353,Kolkata,2012-05-05,League,SP Narine,Eden Gardens,Kolkata Knight Riders,bat,Kolkata Knight Riders,runs,7,151,20,0,Normal,BF Bowden,SK Tarapore,2012,1,Kolkata Knight Riders,Pune Warriors India,1,0,Win
548354,Chandigarh,2012-05-05,League,SR Watson,"Punjab Cricket Association Stadium, Mohali",Rajasthan Royals,bat,Rajasthan Royals,runs,43,178,20,0,Normal,JD Cloete,SJA Taufel,2012,1,Punjab Kings,Rajasthan Royals,1,0,Loss
548355,Mumbai,2012-05-06,League,DR Smith,Wankhede Stadium,Mumbai Indians,field,Mumbai Indians,wickets,2,174,20,0,Normal,Asad Rauf,S Asnani,2012,1,Mumbai Indians,Chennai Super Kings,0,1,Win
548356,Bangalore,2012-05-06,League,AB de Villiers,M Chinnaswamy Stadium,Royal Challengers Bengaluru,field,Royal Challengers Bengaluru,wickets,5,182,20,0,Normal,HDPK Dharmasena,BNJ Oxenford,2012,1,Royal Challengers Bengaluru,Deccan Chargers,0,1,Win
548357,Delhi,2012-05-07,League,JH Kallis,Feroz Shah Kotla,Delhi Capitals,bat,Kolkata Knight Riders,wickets,6,154,20,0,Normal,JD Cloete,S Ravi,2012,0,Delhi Capitals,Kolkata Knight Riders,0,1,Loss
548358,Pune,2012-05-08,League,SR Watson,Subrata Roy Sahara Stadium,Pune Warriors India,bat,Rajasthan Royals,wickets,7,126,20,0,Normal,Asad Rauf,BR Doctrove,2012,0,Pune Warriors India,Rajasthan Royals,0,1,Loss
548359,Hyderabad,2012-05-08,League,Mandeep Singh,"Rajiv Gandhi International Stadium, Uppal",Deccan Chargers,field,Punjab Kings,runs,25,171,20,0,Normal,HDPK Dharmasena,BNJ Oxenford,2012,0,Deccan Chargers,Punjab Kings,1,0,Loss
548360,Mumbai,2012-05-09,League,CH Gayle,Wankhede Stadium,Royal Challengers Bengaluru,field,Royal Challengers Bengaluru,wickets,9,142,20,0,Normal,BF Bowden,VA Kulkarni,2012,1,Mumbai Indians,Royal Challengers Bengaluru,0,1,Loss
548329,Hyderabad,2012-05-10,League,DA Warner,"Rajiv Gandhi International Stadium, Uppal",Deccan Chargers,bat,Delhi Capitals,wickets,9,188,20,0,Normal,JD Cloete,SJA Taufel,2012,0,Deccan Chargers,Delhi Capitals,0,1,Loss
548361,Jaipur,2012-05-10,League,BW Hilfenhaus,Sawai Mansingh Stadium,Chennai Super Kings,field,Chennai Super Kings,wickets,4,127,20,0,Normal,BNJ Oxenford,C Shamshuddin,2012,1,Rajasthan Royals,Chennai Super Kings,0,1,Loss
548362,Pune,2012-05-11,League,CH Gayle,Subrata Roy Sahara Stadium,Pune Warriors India,field,Royal Challengers Bengaluru,runs,35,174,20,0,Normal,BF Bowden,SK Tarapore,2012,0,Pune Warriors India,Royal Challengers Bengaluru,1,0,Loss
548363,Kolkata,2012-05-12,League,RG Sharma,Eden Gardens,Mumbai Indians,bat,Mumbai Indians,runs,27,183,20,0,Normal,S Ravi,SJA Taufel,2012,1,Kolkata Knight Riders,Mumbai Indians,1,0,Loss
548364,Chennai,2012-05-12,League,BW Hilfenhaus,"MA Chidambaram Stadium, Chepauk",Chennai Super Kings,field,Chennai Super Kings,wickets,9,115,20,0,Normal,S Das,BR Doctrove,2012,1,Chennai Super Kings,Delhi Capitals,0,1,Win
548365,Jaipur,2012-05-13,League,A Chandila,Sawai Mansingh Stadium,Rajasthan Royals,bat,Rajasthan Royals,runs,45,171,20,0,Normal,BF Bowden,SK Tarapore,2012,1,Rajasthan Royals,Pune Warriors India,1,0,Win
548366,Chandigarh,2012-05-13,League,DJ Hussey,"Punjab Cricket Association Stadium, Mohali",Deccan Chargers,bat,Punjab Kings,wickets,4,191,20,0,Normal,HDPK Dharmasena,BNJ Oxenford,2012,0,Punjab Kings,Deccan Chargers,0,1,Win
548367,Bangalore,2012-05-14,League,AT Rayudu,M Chinnaswamy Stadium,Mumbai Indians,field,Mumbai Indians,wickets,5,172,20,0,Normal,S Das,BR Doctrove,2012,1,Royal Challengers Bengaluru,Mumbai Indians,0,1,Loss
548368,Kolkata,2012-05-14,League,MEK Hussey,Eden Gardens,Chennai Super Kings,field,Chennai Super Kings,wickets,5,159,20,0,Normal,JD Cloete,SJA Taufel,2012,1,Kolkata Knight Riders,Chennai Super Kings,0,1,Loss
548369,Delhi,2012-05-15,League,UT Yadav,Feroz Shah Kotla,Punjab Kings,bat,Delhi Capitals,wickets,5,137,20,0,Normal,HDPK Dharmasena,BNJ Oxenford,2012,0,Delhi Capitals,Punjab Kings,0,1,Win
548370,Mumbai,2012-05-16,League,SP Narine,Wankhede Stadium,Mumbai Indians,field,Kolkata Knight Riders,runs,32,141,20,0,Normal,S Das,BR Doctrove,2012,0,Mumbai Indians,Kolkata Knight Riders,1,0,Loss
548371,Dharamsala,2012-05-17,League,AC Gilchrist,Himachal Pradesh Cricket Association Stadium,Punjab Kings,field,Punjab Kings,wickets,6,121,20,0,Normal,VA Kulkarni,SK Tarapore,2012,1,Punjab Kings,Chennai Super Kings,0,1,Win
548372,Delhi,2012-05-17,League,CH Gayle,Feroz Shah Kotla,Delhi Capitals,field,Royal Challengers Bengaluru,runs,21,216,20,0,Normal,HDPK Dharmasena,C Shamshuddin,2012,0,Delhi Capitals,Royal Challengers Bengaluru,1,0,Loss
548373,Hyderabad,2012-05-18,League,DW Steyn,"Rajiv Gandhi International Stadium, Uppal",Rajasthan Royals,bat,Deccan Chargers,wickets,5,127,20,0,Normal,S Ravi,SJA Taufel,2012,0,Deccan Chargers,Rajasthan Royals,0,1,Win
548374,Dharamsala,2012-05-19,League,UT Yadav,Himachal Pradesh Cricket Association Stadium,Delhi Capitals,field,Delhi Capitals,wickets,6,142,20,0,Normal,BF Bowden,VA Kulkarni,2012,1,Punjab Kings,Delhi Capitals,0,1,Loss
548375,Pune,2012-05-19,League,Shakib Al Hasan,Subrata Roy Sahara Stadium,Kolkata Knight Riders,bat,Kolkata Knight Riders,runs,34,137,20,0,Normal,S Asnani,BR Doctrove,2012,1,Pune Warriors India,Kolkata Knight Riders,1,0,Loss
548376,Hyderabad,2012-05-20,League,DW Steyn,"Rajiv Gandhi International Stadium, Uppal",Royal Challengers Bengaluru,field,Deccan Chargers,runs,9,133,20,0,Normal,S Ravi,SJA Taufel,2012,0,Deccan Chargers,Royal Challengers Bengaluru,1,0,Win
548377,Jaipur,2012-05-20,League,DR Smith,Sawai Mansingh Stadium,Rajasthan Royals,bat,Mumbai Indians,wickets,10,163,20,0,Normal,HDPK Dharmasena,C Shamshuddin,2012,0,Rajasthan Royals,Mumbai Indians,0,1,Loss
548378,Pune,2012-05-22,Qualifier 1,YK Pathan,Subrata Roy Sahara Stadium,Kolkata Knight Riders,bat,Kolkata Knight Riders,runs,18,163,20,0,Normal,BR Doctrove,SJA Taufel,2012,1,Delhi Capitals,Kolkata Knight Riders,1,0,Loss
548379,Bangalore,2012-05-23,Elimination Final,MS Dhoni,M Chinnaswamy Stadium,Mumbai Indians,field,Chennai Super Kings,runs,38,188,20,0,Normal,BF Bowden,HDPK Dharmasena,2012,0,Chennai Super Kings,Mumbai Indians,1,0,Win
548380,Chennai,2012-05-25,Qualifier 2,M Vijay,"MA Chidambaram Stadium, Chepauk",Delhi Capitals,field,Chennai Super Kings,runs,86,223,20,0,Normal,BR Doctrove,SJA Taufel,2012,0,Delhi Capitals,Chennai Super Kings,1,0,Loss
548381,Chennai,2012-05-27,Final,MS Bisla,"MA Chidambaram Stadium, Chepauk",Chennai Super Kings,bat,Kolkata Knight Riders,wickets,5,191,20,0,Normal,BF Bowden,SJA Taufel,2012,0,Kolkata Knight Riders,Chennai Super Kings,0,1,Win
597998,Kolkata,2013-04-03,League,SP Narine,Eden Gardens,Kolkata Knight Riders,field,Kolkata Knight Riders,wickets,6,129,20,0,Normal,S Ravi,SJA Taufel,2013,1,Kolkata Knight Riders,Delhi Capitals,0,1,Win
597999,Bangalore,2013-04-04,League,CH Gayle,M Chinnaswamy Stadium,Mumbai Indians,field,Royal Challengers Bengaluru,runs,2,157,20,0,Normal,VA Kulkarni,C Shamshuddin,2013,0,Royal Challengers Bengaluru,Mumbai Indians,1,0,Win
598000,Hyderabad,2013-04-05,League,A Mishra,"Rajiv Gandhi International Stadium, Uppal",Pune Warriors India,field,Sunrisers Hyderabad,runs,22,127,20,0,Normal,S Ravi,SJA Taufel,2013,0,Sunrisers Hyderabad,Pune Warriors India,1,0,Win
598001,Delhi,2013-04-06,League,R Dravid,Feroz Shah Kotla,Rajasthan Royals,bat,Rajasthan Royals,runs,5,166,20,0,Normal,S Das,C Shamshuddin,2013,1,Delhi Capitals,Rajasthan Royals,1,0,Loss
598002,Chennai,2013-04-06,League,KA Pollard,"MA Chidambaram Stadium, Chepauk",Mumbai Indians,bat,Mumbai Indians,runs,9,149,20,0,Normal,M Erasmus,VA Kulkarni,2013,1,Chennai Super Kings,Mumbai Indians,1,0,Loss
598003,Pune,2013-04-07,League,M Vohra,Subrata Roy Sahara Stadium,Pune Warriors India,bat,Punjab Kings,wickets,8,100,20,0,Normal,S Asnani,SJA Taufel,2013,0,Pune Warriors India,Punjab Kings,0,1,Loss
598004,Hyderabad,2013-04-07,League,GH Vihari,"Rajiv Gandhi International Stadium, Uppal",Royal Challengers Bengaluru,bat,Sunrisers Hyderabad,tie,0,131,20,1,Normal,AK Chaudhary,S Ravi,2013,0,Sunrisers Hyderabad,Royal Challengers Bengaluru,0,0,Win
598005,Jaipur,2013-04-08,League,SK Trivedi,Sawai Mansingh Stadium,Kolkata Knight Riders,field,Rajasthan Royals,runs,19,145,20,0,Normal,Aleem Dar,S Das,2013,0,Rajasthan Royals,Kolkata Knight Riders,1,0,Win
598006,Mumbai,2013-04-09,League,KD Karthik,Wankhede Stadium,Mumbai Indians,bat,Mumbai Indians,runs,44,210,20,0,Normal,M Erasmus,VA Kulkarni,2013,1,Mumbai Indians,Delhi Capitals,1,0,Win
598048,Bangalore,2013-04-09,League,V Kohli,M Chinnaswamy Stadium,Sunrisers Hyderabad,bat,Royal Challengers Bengaluru,wickets,7,162,20,0,Normal,S Ravi,SJA Taufel,2013,0,Royal Challengers Bengaluru,Sunrisers Hyderabad,0,1,Win
598007,Chandigarh,2013-04-10,League,MEK Hussey,"Punjab Cricket Association Stadium, Mohali",Chennai Super Kings,field,Chennai Super Kings,wickets,10,139,20,0,Normal,Aleem Dar,C Shamshuddin,2013,1,Punjab Kings,Chennai Super Kings,0,1,Loss
598008,Bangalore,2013-04-11,League,CH Gayle,M Chinnaswamy Stadium,Royal Challengers Bengaluru,field,Royal Challengers Bengaluru,wickets,8,155,20,0,Normal,Asad Rauf,AK Chaudhary,2013,1,Royal Challengers Bengaluru,Kolkata Knight Riders,0,1,Win
598009,Pune,2013-04-11,League,AJ Finch,Subrata Roy Sahara Stadium,Rajasthan Royals,bat,Pune Warriors India,wickets,7,146,20,0,Normal,M Erasmus,K Srinath,2013,0,Pune Warriors India,Rajasthan Royals,0,1,Win
598010,Delhi,2013-04-12,League,A Mishra,Feroz Shah Kotla,Delhi Capitals,bat,Sunrisers Hyderabad,wickets,3,115,20,0,Normal,Aleem Dar,Subroto Das,2013,0,Delhi Capitals,Sunrisers Hyderabad,0,1,Loss
598011,Mumbai,2013-04-13,League,RG Sharma,Wankhede Stadium,Mumbai Indians,bat,Mumbai Indians,runs,41,184,20,0,Normal,S Ravi,SJA Taufel,2013,1,Mumbai Indians,Pune Warriors India,1,0,Win
598012,Chennai,2013-04-13,League,RA Jadeja,"MA Chidambaram Stadium, Chepauk",Chennai Super Kings,field,Chennai Super Kings,wickets,4,166,20,0,Normal,Asad Rauf,AK Chaudhary,2013,1,Chennai Super Kings,Royal Challengers Bengaluru,0,1,Win
598013,Kolkata,2013-04-14,League,G Gambhir,Eden Gardens,Kolkata Knight Riders,bat,Kolkata Knight Riders,runs,48,181,20,0,Normal,M Erasmus,VA Kulkarni,2013,1,Kolkata Knight Riders,Sunrisers Hyderabad,1,0,Win
598014,Jaipur,2013-04-14,League,JP Faulkner,Sawai Mansingh Stadium,Rajasthan Royals,field,Rajasthan Royals,wickets,6,125,20,0,Normal,Aleem Dar,C Shamshuddin,2013,1,Rajasthan Royals,Punjab Kings,0,1,Win
598015,Chennai,2013-04-15,League,SPD Smith,"MA Chidambaram Stadium, Chepauk",Pune Warriors India,bat,Pune Warriors India,runs,24,160,20,0,Normal,Asad Rauf,AK Chaudhary,2013,1,Chennai Super Kings,Pune Warriors India,1,0,Loss
598016,Chandigarh,2013-04-16,League,MS Gony,"Punjab Cricket Association Stadium, Mohali",Kolkata Knight Riders,field,Punjab Kings,runs,4,158,20,0,Normal,CK Nandan,SJA Taufel,2013,0,Punjab Kings,Kolkata Knight Riders,1,0,Win
598017,Bangalore,2013-04-16,League,V Kohli,M Chinnaswamy Stadium,Royal Challengers Bengaluru,field,Royal Challengers Bengaluru,tie,0,153,20,1,Normal,M Erasmus,VA Kulkarni,2013,1,Royal Challengers Bengaluru,Delhi Capitals,0,0,Win
598018,Pune,2013-04-17,League,A Mishra,Maharashtra Cricket Association Stadium,Pune Warriors India,field,Sunrisers Hyderabad,runs,11,120,20,0,Normal,Asad Rauf,AK Chaudhary,2013,0,Pune Warriors India,Sunrisers Hyderabad,1,0,Loss
598019,Jaipur,2013-04-17,League,AM Rahane,Sawai Mansingh Stadium,Rajasthan Royals,bat,Rajasthan Royals,runs,87,180,20,0,Normal,Aleem Dar,C Shamshuddin,2013,1,Rajasthan Royals,Mumbai Indians,1,0,Win
598020,Delhi,2013-04-18,League,MEK Hussey,Feroz Shah Kotla,Chennai Super Kings,bat,Chennai Super Kings,runs,86,170,20,0,Normal,M Erasmus,VA Kulkarni,2013,1,Delhi Capitals,Chennai Super Kings,1,0,Loss
598021,Hyderabad,2013-04-19,League,GH Vihari,"Rajiv Gandhi International Stadium, Uppal",Punjab Kings,bat,Sunrisers Hyderabad,wickets,5,124,20,0,Normal,HDPK Dharmasena,CK Nandan,2013,0,Sunrisers Hyderabad,Punjab Kings,0,1,Win
598022,Kolkata,2013-04-20,League,RA Jadeja,Eden Gardens,Kolkata Knight Riders,bat,Chennai Super Kings,wickets,4,120,20,0,Normal,Asad Rauf,AK Chaudhary,2013,0,Kolkata Knight Riders,Chennai Super Kings,0,1,Loss
598023,Bangalore,2013-04-20,League,R Vinay Kumar,M Chinnaswamy Stadium,Royal Challengers Bengaluru,field,Royal Challengers Bengaluru,wickets,7,118,20,0,Normal,Aleem Dar,C Shamshuddin,2013,1,Royal Challengers Bengaluru,Rajasthan Royals,0,1,Win
598024,Delhi,2013-04-21,League,V Sehwag,Feroz Shah Kotla,Mumbai Indians,bat,Delhi Capitals,wickets,9,162,20,0,Normal,HDPK Dharmasena,S Ravi,2013,0,Delhi Capitals,Mumbai Indians,0,1,Win
598025,Chandigarh,2013-04-21,League,DA Miller,"Punjab Cricket Association Stadium, Mohali",Punjab Kings,field,Punjab Kings,wickets,7,186,20,0,Normal,M Erasmus,K Srinath,2013,1,Punjab Kings,Pune Warriors India,0,1,Win
598026,Chennai,2013-04-22,League,MEK Hussey,"MA Chidambaram Stadium, Chepauk",Rajasthan Royals,bat,Chennai Super Kings,wickets,5,186,20,0,Normal,S Asnani,AK Chaudhary,2013,0,Chennai Super Kings,Rajasthan Royals,0,1,Win
598027,Bangalore,2013-04-23,League,CH Gayle,M Chinnaswamy Stadium,Pune Warriors India,field,Royal Challengers Bengaluru,runs,130,264,20,0,Normal,Aleem Dar,C Shamshuddin,2013,0,Royal Challengers Bengaluru,Pune Warriors India,1,0,Win
598059,Delhi,2013-04-23,League,Harmeet Singh,Feroz Shah Kotla,Punjab Kings,field,Punjab Kings,wickets,5,121,20,0,Normal,VA Kulkarni,K Srinath,2013,1,Delhi Capitals,Punjab Kings,0,1,Loss
598029,Kolkata,2013-04-24,League,DR Smith,Eden Gardens,Kolkata Knight Riders,bat,Mumbai Indians,wickets,5,160,20,0,Normal,HDPK Dharmasena,S Ravi,2013,0,Kolkata Knight Riders,Mumbai Indians,0,1,Loss
598030,Chennai,2013-04-25,League,MS Dhoni,"MA Chidambaram Stadium, Chepauk",Sunrisers Hyderabad,bat,Chennai Super Kings,wickets,5,160,20,0,Normal,Aleem Dar,S Das,2013,0,Chennai Super Kings,Sunrisers Hyderabad,0,1,Win
598031,Kolkata,2013-04-26,League,JH Kallis,Eden Gardens,Punjab Kings,bat,Kolkata Knight Riders,wickets,6,150,20,0,Normal,CK Nandan,S Ravi,2013,0,Kolkata Knight Riders,Punjab Kings,0,1,Win
598032,Jaipur,2013-04-27,League,JP Faulkner,Sawai Mansingh Stadium,Sunrisers Hyderabad,bat,Rajasthan Royals,wickets,8,145,20,0,Normal,VA Kulkarni,K Srinath,2013,0,Rajasthan Royals,Sunrisers Hyderabad,0,1,Win
598033,Mumbai,2013-04-27,League,DR Smith,Wankhede Stadium,Mumbai Indians,bat,Mumbai Indians,runs,58,195,20,0,Normal,Asad Rauf,S Asnani,2013,1,Mumbai Indians,Royal Challengers Bengaluru,1,0,Win
598034,Chennai,2013-04-28,League,MEK Hussey,"MA Chidambaram Stadium, Chepauk",Kolkata Knight Riders,field,Chennai Super Kings,runs,14,201,20,0,Normal,Aleem Dar,SJA Taufel,2013,0,Chennai Super Kings,Kolkata Knight Riders,1,0,Win
598035,Raipur,2013-04-28,League,DA Warner,Shaheed Veer Narayan Singh International Stadium,Pune Warriors India,field,Delhi Capitals,runs,15,165,20,0,Normal,CK Nandan,S Ravi,2013,0,Delhi Capitals,Pune Warriors India,1,0,Win
598036,Jaipur,2013-04-29,League,SV Samson,Sawai Mansingh Stadium,Rajasthan Royals,field,Rajasthan Royals,wickets,4,172,20,0,Normal,M Erasmus,K Srinath,2013,1,Rajasthan Royals,Royal Challengers Bengaluru,0,1,Win
598037,Mumbai,2013-04-29,League,RG Sharma,Wankhede Stadium,Mumbai Indians,bat,Mumbai Indians,runs,4,175,20,0,Normal,Asad Rauf,AK Chaudhary,2013,1,Mumbai Indians,Punjab Kings,1,0,Win
598038,Pune,2013-04-30,League,MS Dhoni,Subrata Roy Sahara Stadium,Chennai Super Kings,bat,Chennai Super Kings,runs,37,165,20,0,Normal,S Das,SJA Taufel,2013,1,Pune Warriors India,Chennai Super Kings,1,0,Loss
598039,Hyderabad,2013-05-01,League,I Sharma,"Rajiv Gandhi International Stadium, Uppal",Mumbai Indians,bat,Sunrisers Hyderabad,wickets,7,130,20,0,Normal,Asad Rauf,S Asnani,2013,0,Sunrisers Hyderabad,Mumbai Indians,0,1,Win
598040,Raipur,2013-05-01,League,DA Warner,Shaheed Veer Narayan Singh International Stadium,Kolkata Knight Riders,bat,Delhi Capitals,wickets,7,137,20,0,Normal,HDPK Dharmasena,CK Nandan,2013,0,Delhi Capitals,Kolkata Knight Riders,0,1,Win
598041,Chennai,2013-05-02,League,SK Raina,"MA Chidambaram Stadium, Chepauk",Chennai Super Kings,bat,Chennai Super Kings,runs,15,187,20,0,Normal,M Erasmus,VA Kulkarni,2013,1,Chennai Super Kings,Punjab Kings,1,0,Win
598042,Pune,2013-05-02,League,AB de Villiers,Subrata Roy Sahara Stadium,Royal Challengers Bengaluru,bat,Royal Challengers Bengaluru,runs,17,188,20,0,Normal,Aleem Dar,C Shamshuddin,2013,1,Pune Warriors India,Royal Challengers Bengaluru,1,0,Loss
598043,Kolkata,2013-05-03,League,YK Pathan,Eden Gardens,Rajasthan Royals,bat,Kolkata Knight Riders,wickets,8,133,20,0,Normal,HDPK Dharmasena,CK Nandan,2013,0,Kolkata Knight Riders,Rajasthan Royals,0,1,Win
598044,Hyderabad,2013-05-04,League,DJG Sammy,"Rajiv Gandhi International Stadium, Uppal",Delhi Capitals,bat,Sunrisers Hyderabad,wickets,6,81,20,0,Normal,Asad Rauf,S Asnani,2013,0,Sunrisers Hyderabad,Delhi Capitals,0,1,Win
598046,Mumbai,2013-05-05,League,MG Johnson,Wankhede Stadium,Mumbai Indians,bat,Mumbai Indians,runs,60,140,20,0,Normal,HDPK Dharmasena,CK Nandan,2013,1,Mumbai Indians,Chennai Super Kings,1,0,Win
598047,Jaipur,2013-05-05,League,AM Rahane,Sawai Mansingh Stadium,Pune Warriors India,bat,Rajasthan Royals,wickets,5,179,20,0,Normal,C Shamshuddin,RJ Tucker,2013,0,Rajasthan Royals,Pune Warriors India,0,1,Win
598064,Chandigarh,2013-05-06,League,DA Miller,"Punjab Cricket Association Stadium, Mohali",Punjab Kings,field,Punjab Kings,wickets,6,191,20,0,Normal,VA Kulkarni,NJ Llong,2013,1,Punjab Kings,Royal Challengers Bengaluru,0,1,Win
598049,Jaipur,2013-05-07,League,AM Rahane,Sawai Mansingh Stadium,Delhi Capitals,bat,Rajasthan Royals,wickets,9,155,20,0,Normal,Aleem Dar,RJ Tucker,2013,0,Rajasthan Royals,Delhi Capitals,0,1,Win
598050,Mumbai,2013-05-07,League,SR Tendulkar,Wankhede Stadium,Mumbai Indians,bat,Mumbai Indians,runs,65,171,20,0,Normal,HDPK Dharmasena,S Ravi,2013,1,Mumbai Indians,Kolkata Knight Riders,1,0,Win
598051,Hyderabad,2013-05-08,League,SK Raina,"Rajiv Gandhi International Stadium, Uppal",Sunrisers Hyderabad,field,Chennai Super Kings,runs,77,224,20,0,Normal,S Das,NJ Llong,2013,0,Sunrisers Hyderabad,Chennai Super Kings,1,0,Loss
598052,Chandigarh,2013-05-09,League,KK Cooper,"Punjab Cricket Association Stadium, Mohali",Rajasthan Royals,field,Rajasthan Royals,wickets,8,146,20,0,Normal,HDPK Dharmasena,S Ravi,2013,1,Punjab Kings,Rajasthan Royals,0,1,Loss
598053,Pune,2013-05-09,League,G Gambhir,Subrata Roy Sahara Stadium,Kolkata Knight Riders,bat,Kolkata Knight Riders,runs,46,153,20,0,Normal,Asad Rauf,S Asnani,2013,1,Pune Warriors India,Kolkata Knight Riders,1,0,Loss
598054,Delhi,2013-05-10,League,JD Unadkat,Feroz Shah Kotla,Delhi Capitals,field,Royal Challengers Bengaluru,runs,4,184,20,0,Normal,NJ Llong,K Srinath,2013,0,Delhi Capitals,Royal Challengers Bengaluru,1,0,Loss
598055,Pune,2013-05-11,League,MG Johnson,Subrata Roy Sahara Stadium,Pune Warriors India,bat,Mumbai Indians,wickets,5,113,20,0,Normal,Asad Rauf,AK Chaudhary,2013,0,Pune Warriors India,Mumbai Indians,0,1,Loss
598056,Chandigarh,2013-05-11,League,PA Patel,"Punjab Cricket Association Stadium, Mohali",Punjab Kings,field,Sunrisers Hyderabad,runs,30,151,20,0,Normal,S Das,RJ Tucker,2013,0,Punjab Kings,Sunrisers Hyderabad,1,0,Loss
598057,Ranchi,2013-05-12,League,JH Kallis,JSCA International Stadium Complex,Kolkata Knight Riders,field,Kolkata Knight Riders,wickets,5,116,20,0,Normal,NJ Llong,K Srinath,2013,1,Kolkata Knight Riders,Royal Challengers Bengaluru,0,1,Win
598058,Jaipur,2013-05-12,League,SR Watson,Sawai Mansingh Stadium,Rajasthan Royals,field,Rajasthan Royals,wickets,5,142,20,0,Normal,HDPK Dharmasena,CK Nandan,2013,1,Rajasthan Royals,Chennai Super Kings,0,1,Win
598060,Mumbai,2013-05-13,League,KA Pollard,Wankhede Stadium,Sunrisers Hyderabad,bat,Mumbai Indians,wickets,7,179,20,0,Normal,AK Chaudhary,SJA Taufel,2013,0,Mumbai Indians,Sunrisers Hyderabad,0,1,Win
598045,Bangalore,2013-05-14,League,AC Gilchrist,M Chinnaswamy Stadium,Punjab Kings,field,Punjab Kings,wickets,7,175,20,0,Normal,HDPK Dharmasena,S Ravi,2013,1,Royal Challengers Bengaluru,Punjab Kings,0,1,Loss
598062,Chennai,2013-05-14,League,MS Dhoni,"MA Chidambaram Stadium, Chepauk",Chennai Super Kings,bat,Chennai Super Kings,runs,33,169,20,0,Normal,C Shamshuddin,RJ Tucker,2013,1,Chennai Super Kings,Delhi Capitals,1,0,Win
598061,Ranchi,2013-05-15,League,MK Pandey,JSCA International Stadium Complex,Kolkata Knight Riders,field,Pune Warriors India,runs,7,171,20,0,Normal,NJ Llong,K Srinath,2013,0,Kolkata Knight Riders,Pune Warriors India,1,0,Loss
598063,Mumbai,2013-05-15,League,AP Tare,Wankhede Stadium,Rajasthan Royals,field,Mumbai Indians,runs,14,167,20,0,Normal,Asad Rauf,S Asnani,2013,0,Mumbai Indians,Rajasthan Royals,1,0,Win
598028,Dharamsala,2013-05-16,League,DA Miller,Himachal Pradesh Cricket Association Stadium,Delhi Capitals,field,Punjab Kings,runs,7,172,20,0,Normal,HDPK Dharmasena,S Ravi,2013,0,Punjab Kings,Delhi Capitals,1,0,Win
598065,Hyderabad,2013-05-17,League,A Mishra,"Rajiv Gandhi International Stadium, Uppal",Sunrisers Hyderabad,bat,Sunrisers Hyderabad,runs,23,137,20,0,Normal,Asad Rauf,AK Chaudhary,2013,1,Sunrisers Hyderabad,Rajasthan Royals,1,0,Win
598066,Dharamsala,2013-05-18,League,Azhar Mahmood,Himachal Pradesh Cricket Association Stadium,Mumbai Indians,field,Punjab Kings,runs,50,184,20,0,Normal,HDPK Dharmasena,CK Nandan,2013,0,Punjab Kings,Mumbai Indians,1,0,Win
598068,Bangalore,2013-05-18,League,V Kohli,M Chinnaswamy Stadium,Chennai Super Kings,field,Royal Challengers Bengaluru,runs,24,107,8,0,Normal,C Shamshuddin,RJ Tucker,2013,0,Royal Challengers Bengaluru,Chennai Super Kings,1,0,Win
598067,Pune,2013-05-19,League,LJ Wright,Subrata Roy Sahara Stadium,Pune Warriors India,bat,Pune Warriors India,runs,38,173,20,0,Normal,NJ Llong,SJA Taufel,2013,1,Pune Warriors India,Delhi Capitals,1,0,Win
598069,Hyderabad,2013-05-19,League,PA Patel,"Rajiv Gandhi International Stadium, Uppal",Kolkata Knight Riders,bat,Sunrisers Hyderabad,wickets,5,131,20,0,Normal,Asad Rauf,S Asnani,2013,0,Sunrisers Hyderabad,Kolkata Knight Riders,0,1,Win
598070,Delhi,2013-05-21,Qualifier 1,MEK Hussey,Feroz Shah Kotla,Chennai Super Kings,bat,Chennai Super Kings,runs,48,193,20,0,Normal,NJ Llong,RJ Tucker,2013,1,Chennai Super Kings,Mumbai Indians,1,0,Win
598071,Delhi,2013-05-22,Eliminator,BJ Hodge,Feroz Shah Kotla,Sunrisers Hyderabad,bat,Rajasthan Royals,wickets,4,133,20,0,Normal,S Ravi,RJ Tucker,2013,0,Rajasthan Royals,Sunrisers Hyderabad,0,1,Win
598072,Kolkata,2013-05-24,Qualifier 2,Harbhajan Singh,Eden Gardens,Rajasthan Royals,bat,Mumbai Indians,wickets,4,166,20,0,Normal,C Shamshuddin,SJA Taufel,2013,0,Mumbai Indians,Rajasthan Royals,0,1,Win
598073,Kolkata,2013-05-26,Final,KA Pollard,Eden Gardens,Mumbai Indians,bat,Mumbai Indians,runs,23,149,20,0,Normal,HDPK Dharmasena,SJA Taufel,2013,1,Chennai Super Kings,Mumbai Indians,1,0,Loss
729279,Abu Dhabi,2014-04-16,League,JH Kallis,Sheikh Zayed Stadium,Kolkata Knight Riders,bat,Kolkata Knight Riders,runs,41,164,20,0,Normal,M Erasmus,RK Illingworth,2014,1,Mumbai Indians,Kolkata Knight Riders,1,0,Loss
729281,Unknown,2014-04-17,League,YS Chahal,Sharjah Cricket Stadium,Royal Challengers Bengaluru,field,Royal Challengers Bengaluru,wickets,8,146,20,0,Normal,Aleem Dar,S Ravi,2014,1,Delhi Capitals,Royal Challengers Bengaluru,0,1,Loss
729283,Abu Dhabi,2014-04-18,League,GJ Maxwell,Sheikh Zayed Stadium,Chennai Super Kings,bat,Punjab Kings,wickets,6,206,20,0,Normal,RK Illingworth,C Shamshuddin,2014,0,Chennai Super Kings,Punjab Kings,0,1,Loss
729285,Abu Dhabi,2014-04-18,League,AM Rahane,Sheikh Zayed Stadium,Rajasthan Royals,field,Rajasthan Royals,wickets,4,134,20,0,Normal,BF Bowden,RK Illingworth,2014,1,Sunrisers Hyderabad,Rajasthan Royals,0,1,Loss
729287,Unknown,2014-04-19,League,PA Patel,Dubai International Cricket Stadium,Royal Challengers Bengaluru,field,Royal Challengers Bengaluru,wickets,7,116,20,0,Normal,Aleem Dar,AK Chaudhary,2014,1,Royal Challengers Bengaluru,Mumbai Indians,0,1,Win
729289,Unknown,2014-04-19,League,JP Duminy,Dubai International Cricket Stadium,Kolkata Knight Riders,bat,Delhi Capitals,wickets,4,167,20,0,Normal,Aleem Dar,VA Kulkarni,2014,0,Kolkata Knight Riders,Delhi Capitals,0,1,Loss
729291,Unknown,2014-04-20,League,GJ Maxwell,Sharjah Cricket Stadium,Punjab Kings,field,Punjab Kings,wickets,7,192,20,0,Normal,BF Bowden,M Erasmus,2014,1,Rajasthan Royals,Punjab Kings,0,1,Loss
729293,Abu Dhabi,2014-04-21,League,SK Raina,Sheikh Zayed Stadium,Chennai Super Kings,bat,Chennai Super Kings,runs,93,178,20,0,Normal,RK Illingworth,C Shamshuddin,2014,1,Chennai Super Kings,Delhi Capitals,1,0,Win
729295,Unknown,2014-04-22,League,GJ Maxwell,Sharjah Cricket Stadium,Sunrisers Hyderabad,field,Punjab Kings,runs,72,194,20,0,Normal,M Erasmus,S Ravi,2014,0,Punjab Kings,Sunrisers Hyderabad,1,0,Win
729297,Unknown,2014-04-23,League,RA Jadeja,Dubai International Cricket Stadium,Rajasthan Royals,field,Chennai Super Kings,runs,7,141,20,0,Normal,HDPK Dharmasena,RK Illingworth,2014,0,Rajasthan Royals,Chennai Super Kings,1,0,Loss
729299,Unknown,2014-04-24,League,CA Lynn,Sharjah Cricket Stadium,Royal Challengers Bengaluru,field,Kolkata Knight Riders,runs,2,151,20,0,Normal,Aleem Dar,VA Kulkarni,2014,0,Royal Challengers Bengaluru,Kolkata Knight Riders,1,0,Loss
729301,Unknown,2014-04-25,League,AJ Finch,Dubai International Cricket Stadium,Sunrisers Hyderabad,bat,Sunrisers Hyderabad,runs,4,185,20,0,Normal,M Erasmus,S Ravi,2014,1,Sunrisers Hyderabad,Delhi Capitals,1,0,Win
729303,Unknown,2014-04-25,League,MM Sharma,Dubai International Cricket Stadium,Mumbai Indians,bat,Chennai Super Kings,wickets,7,142,20,0,Normal,BF Bowden,M Erasmus,2014,0,Chennai Super Kings,Mumbai Indians,0,1,Win
729305,Abu Dhabi,2014-04-26,League,PV Tambe,Sheikh Zayed Stadium,Rajasthan Royals,field,Rajasthan Royals,wickets,6,71,20,0,Normal,HDPK Dharmasena,C Shamshuddin,2014,1,Rajasthan Royals,Royal Challengers Bengaluru,0,1,Win
729307,Abu Dhabi,2014-04-26,League,Sandeep Sharma,Sheikh Zayed Stadium,Kolkata Knight Riders,field,Punjab Kings,runs,23,133,20,0,Normal,HDPK Dharmasena,RK Illingworth,2014,0,Kolkata Knight Riders,Punjab Kings,1,0,Loss
729309,Unknown,2014-04-27,League,M Vijay,Sharjah Cricket Stadium,Mumbai Indians,bat,Delhi Capitals,wickets,6,126,20,0,Normal,Aleem Dar,VA Kulkarni,2014,0,Delhi Capitals,Mumbai Indians,0,1,Win
729311,Unknown,2014-04-27,League,DR Smith,Sharjah Cricket Stadium,Sunrisers Hyderabad,bat,Chennai Super Kings,wickets,5,146,20,0,Normal,AK Chaudhary,VA Kulkarni,2014,0,Sunrisers Hyderabad,Chennai Super Kings,0,1,Loss
729313,Unknown,2014-04-28,League,Sandeep Sharma,Dubai International Cricket Stadium,Punjab Kings,field,Punjab Kings,wickets,5,125,20,0,Normal,BF Bowden,S Ravi,2014,1,Punjab Kings,Royal Challengers Bengaluru,0,1,Win
729315,Abu Dhabi,2014-04-29,League,JP Faulkner,Sheikh Zayed Stadium,Rajasthan Royals,bat,Rajasthan Royals,tie,0,153,20,1,Normal,Aleem Dar,AK Chaudhary,2014,1,Kolkata Knight Riders,Rajasthan Royals,0,0,Loss
729317,Unknown,2014-04-30,League,B Kumar,Dubai International Cricket Stadium,Mumbai Indians,field,Sunrisers Hyderabad,runs,15,173,20,0,Normal,HDPK Dharmasena,M Erasmus,2014,0,Mumbai Indians,Sunrisers Hyderabad,1,0,Loss
733971,Ranchi,2014-05-02,League,RA Jadeja,JSCA International Stadium Complex,Chennai Super Kings,bat,Chennai Super Kings,runs,34,149,17,0,Normal,AK Chaudhary,NJ Llong,2014,1,Chennai Super Kings,Kolkata Knight Riders,1,0,Win
733973,Mumbai,2014-05-03,League,CJ Anderson,Wankhede Stadium,Punjab Kings,bat,Mumbai Indians,wickets,5,169,20,0,Normal,BNJ Oxenford,C Shamshuddin,2014,0,Mumbai Indians,Punjab Kings,0,1,Win
733975,Delhi,2014-05-03,League,KK Nair,Feroz Shah Kotla,Rajasthan Royals,field,Rajasthan Royals,wickets,7,153,20,0,Normal,SS Hazare,S Ravi,2014,1,Delhi Capitals,Rajasthan Royals,0,1,Loss
733977,Bangalore,2014-05-04,League,AB de Villiers,M Chinnaswamy Stadium,Royal Challengers Bengaluru,field,Royal Challengers Bengaluru,wickets,4,156,20,0,Normal,HDPK Dharmasena,VA Kulkarni,2014,1,Royal Challengers Bengaluru,Sunrisers Hyderabad,0,1,Win
733979,Ahmedabad,2014-05-05,League,PV Tambe,"Sardar Patel Stadium, Motera",Kolkata Knight Riders,field,Rajasthan Royals,runs,10,171,20,0,Normal,NJ Llong,CK Nandan,2014,0,Rajasthan Royals,Kolkata Knight Riders,1,0,Win
733981,Delhi,2014-05-05,League,DR Smith,Feroz Shah Kotla,Chennai Super Kings,field,Chennai Super Kings,wickets,8,179,20,0,Normal,RM Deshpande,BNJ Oxenford,2014,1,Delhi Capitals,Chennai Super Kings,0,1,Loss
733983,Mumbai,2014-05-06,League,RG Sharma,Wankhede Stadium,Royal Challengers Bengaluru,field,Mumbai Indians,runs,19,188,20,0,Normal,S Ravi,K Srinath,2014,0,Mumbai Indians,Royal Challengers Bengaluru,1,0,Win
733985,Delhi,2014-05-07,League,G Gambhir,Feroz Shah Kotla,Delhi Capitals,bat,Kolkata Knight Riders,wickets,8,161,20,0,Normal,BNJ Oxenford,C Shamshuddin,2014,0,Delhi Capitals,Kolkata Knight Riders,0,1,Loss
733987,Cuttack,2014-05-07,League,GJ Maxwell,Barabati Stadium,Chennai Super Kings,field,Punjab Kings,runs,44,232,20,0,Normal,HDPK Dharmasena,PG Pathak,2014,0,Punjab Kings,Chennai Super Kings,1,0,Win
733989,Ahmedabad,2014-05-08,League,B Kumar,"Sardar Patel Stadium, Motera",Rajasthan Royals,field,Sunrisers Hyderabad,runs,32,135,20,0,Normal,AK Chaudhary,NJ Llong,2014,0,Rajasthan Royals,Sunrisers Hyderabad,1,0,Loss
733991,Bangalore,2014-05-09,League,Sandeep Sharma,M Chinnaswamy Stadium,Royal Challengers Bengaluru,field,Punjab Kings,runs,32,199,20,0,Normal,S Ravi,K Srinath,2014,0,Royal Challengers Bengaluru,Punjab Kings,1,0,Loss
733993,Delhi,2014-05-10,League,DW Steyn,Feroz Shah Kotla,Sunrisers Hyderabad,field,Sunrisers Hyderabad,wickets,8,43,5,0,D/L,RM Deshpande,BNJ Oxenford,2014,1,Delhi Capitals,Sunrisers Hyderabad,0,1,Loss
733995,Mumbai,2014-05-10,League,DR Smith,Wankhede Stadium,Chennai Super Kings,field,Chennai Super Kings,wickets,4,158,20,0,Normal,HDPK Dharmasena,VA Kulkarni,2014,1,Mumbai Indians,Chennai Super Kings,0,1,Loss
733997,Cuttack,2014-05-11,League,G Gambhir,Barabati Stadium,Kolkata Knight Riders,field,Kolkata Knight Riders,wickets,9,150,20,0,Normal,NJ Llong,CK Nandan,2014,1,Punjab Kings,Kolkata Knight Riders,0,1,Loss
733999,Bangalore,2014-05-11,League,JP Faulkner,M Chinnaswamy Stadium,Royal Challengers Bengaluru,bat,Rajasthan Royals,wickets,5,191,20,0,Normal,S Ravi,RJ Tucker,2014,0,Royal Challengers Bengaluru,Rajasthan Royals,0,1,Loss
734001,Hyderabad,2014-05-12,League,AT Rayudu,"Rajiv Gandhi International Stadium, Uppal",Sunrisers Hyderabad,bat,Mumbai Indians,wickets,7,158,20,0,Normal,HDPK Dharmasena,VA Kulkarni,2014,0,Sunrisers Hyderabad,Mumbai Indians,0,1,Loss
734003,Ranchi,2014-05-13,League,RA Jadeja,JSCA International Stadium Complex,Rajasthan Royals,bat,Chennai Super Kings,wickets,5,149,20,0,Normal,BNJ Oxenford,C Shamshuddin,2014,0,Chennai Super Kings,Rajasthan Royals,0,1,Win
734005,Bangalore,2014-05-13,League,Yuvraj Singh,M Chinnaswamy Stadium,Delhi Capitals,field,Royal Challengers Bengaluru,runs,16,187,20,0,Normal,K Srinath,RJ Tucker,2014,0,Royal Challengers Bengaluru,Delhi Capitals,1,0,Win
734007,Hyderabad,2014-05-14,League,WP Saha,"Rajiv Gandhi International Stadium, Uppal",Punjab Kings,field,Punjab Kings,wickets,6,206,20,0,Normal,VA Kulkarni,PG Pathak,2014,1,Sunrisers Hyderabad,Punjab Kings,0,1,Loss
734009,Cuttack,2014-05-14,League,RV Uthappa,Barabati Stadium,Kolkata Knight Riders,field,Kolkata Knight Riders,wickets,6,142,20,0,Normal,AK Chaudhary,NJ Llong,2014,1,Kolkata Knight Riders,Mumbai Indians,0,1,Win
734011,Ahmedabad,2014-05-15,League,AM Rahane,"Sardar Patel Stadium, Motera",Delhi Capitals,field,Rajasthan Royals,runs,62,202,20,0,Normal,S Ravi,RJ Tucker,2014,0,Rajasthan Royals,Delhi Capitals,1,0,Win
734013,Ranchi,2014-05-18,League,AB de Villiers,JSCA International Stadium Complex,Chennai Super Kings,bat,Royal Challengers Bengaluru,wickets,5,139,20,0,Normal,BNJ Oxenford,C Shamshuddin,2014,0,Chennai Super Kings,Royal Challengers Bengaluru,0,1,Loss
734015,Hyderabad,2014-05-18,League,UT Yadav,"Rajiv Gandhi International Stadium, Uppal",Sunrisers Hyderabad,bat,Kolkata Knight Riders,wickets,7,143,20,0,Normal,NJ Llong,CK Nandan,2014,0,Sunrisers Hyderabad,Kolkata Knight Riders,0,1,Loss
734017,Ahmedabad,2014-05-19,League,MEK Hussey,"Sardar Patel Stadium, Motera",Mumbai Indians,bat,Mumbai Indians,runs,25,179,20,0,Normal,S Ravi,RJ Tucker,2014,1,Rajasthan Royals,Mumbai Indians,1,0,Loss
734019,Delhi,2014-05-19,League,AR Patel,Feroz Shah Kotla,Punjab Kings,field,Punjab Kings,wickets,4,165,20,0,Normal,HDPK Dharmasena,PG Pathak,2014,1,Delhi Capitals,Punjab Kings,0,1,Loss
734021,Hyderabad,2014-05-20,League,DA Warner,"Rajiv Gandhi International Stadium, Uppal",Royal Challengers Bengaluru,bat,Sunrisers Hyderabad,wickets,7,161,20,0,Normal,AK Chaudhary,NJ Llong,2014,0,Sunrisers Hyderabad,Royal Challengers Bengaluru,0,1,Win
734023,Kolkata,2014-05-20,League,RV Uthappa,Eden Gardens,Kolkata Knight Riders,field,Kolkata Knight Riders,wickets,8,155,20,0,Normal,RM Deshpande,C Shamshuddin,2014,1,Kolkata Knight Riders,Chennai Super Kings,0,1,Win
734025,Chandigarh,2014-05-21,League,LMP Simmons,"Punjab Cricket Association Stadium, Mohali",Mumbai Indians,field,Mumbai Indians,wickets,7,157,20,0,Normal,HDPK Dharmasena,VA Kulkarni,2014,1,Punjab Kings,Mumbai Indians,0,1,Loss
734027,Kolkata,2014-05-22,League,RV Uthappa,Eden Gardens,Royal Challengers Bengaluru,field,Kolkata Knight Riders,runs,30,196,20,0,Normal,AK Chaudhary,CK Nandan,2014,0,Kolkata Knight Riders,Royal Challengers Bengaluru,1,0,Win
734029,Ranchi,2014-05-22,League,DA Warner,JSCA International Stadium Complex,Sunrisers Hyderabad,field,Sunrisers Hyderabad,wickets,6,186,20,0,Normal,BNJ Oxenford,C Shamshuddin,2014,1,Chennai Super Kings,Sunrisers Hyderabad,0,1,Loss
734031,Mumbai,2014-05-23,League,MEK Hussey,Wankhede Stadium,Delhi Capitals,field,Mumbai Indians,runs,15,174,20,0,Normal,S Ravi,RJ Tucker,2014,0,Mumbai Indians,Delhi Capitals,1,0,Win
734033,Chandigarh,2014-05-23,League,SE Marsh,"Punjab Cricket Association Stadium, Mohali",Rajasthan Royals,field,Punjab Kings,runs,16,180,20,0,Normal,HDPK Dharmasena,PG Pathak,2014,0,Punjab Kings,Rajasthan Royals,1,0,Win
734035,Bangalore,2014-05-24,League,MS Dhoni,M Chinnaswamy Stadium,Chennai Super Kings,field,Chennai Super Kings,wickets,8,155,20,0,Normal,AK Chaudhary,NJ Llong,2014,1,Royal Challengers Bengaluru,Chennai Super Kings,0,1,Loss
734037,Kolkata,2014-05-24,League,YK Pathan,Eden Gardens,Kolkata Knight Riders,field,Kolkata Knight Riders,wickets,4,161,20,0,Normal,RM Deshpande,BNJ Oxenford,2014,1,Kolkata Knight Riders,Sunrisers Hyderabad,0,1,Win
734039,Chandigarh,2014-05-25,League,M Vohra,"Punjab Cricket Association Stadium, Mohali",Punjab Kings,field,Punjab Kings,wickets,7,116,20,0,Normal,HDPK Dharmasena,VA Kulkarni,2014,1,Punjab Kings,Delhi Capitals,0,1,Win
734041,Mumbai,2014-05-25,League,CJ Anderson,Wankhede Stadium,Mumbai Indians,field,Mumbai Indians,wickets,5,190,20,0,Normal,K Srinath,RJ Tucker,2014,1,Mumbai Indians,Rajasthan Royals,0,1,Win
734043,Kolkata,2014-05-27,Qualifier 1,UT Yadav,Eden Gardens,Punjab Kings,field,Kolkata Knight Riders,runs,28,164,20,0,Normal,NJ Llong,S Ravi,2014,0,Punjab Kings,Kolkata Knight Riders,1,0,Loss
734045,Mumbai,2014-05-28,Eliminator,SK Raina,Brabourne Stadium,Chennai Super Kings,field,Chennai Super Kings,wickets,7,174,20,0,Normal,VA Kulkarni,BNJ Oxenford,2014,1,Chennai Super Kings,Mumbai Indians,0,1,Win
734047,Mumbai,2014-05-30,Qualifier 2,V Sehwag,Wankhede Stadium,Chennai Super Kings,field,Punjab Kings,runs,24,227,20,0,Normal,HDPK Dharmasena,RJ Tucker,2014,0,Chennai Super Kings,Punjab Kings,1,0,Loss
734049,Bangalore,2014-06-01,Final,MK Pandey,M Chinnaswamy Stadium,Kolkata Knight Riders,field,Kolkata Knight Riders,wickets,3,200,20,0,Normal,HDPK Dharmasena,BNJ Oxenford,2014,1,Kolkata Knight Riders,Punjab Kings,0,1,Win
829705,Kolkata,2015-04-08,League,M Morkel,Eden Gardens,Kolkata Knight Riders,field,Kolkata Knight Riders,wickets,7,169,20,0,Normal,S Ravi,C Shamshuddin,2015,1,Kolkata Knight Riders,Mumbai Indians,0,1,Win
829707,Chennai,2015-04-09,League,A Nehra,"MA Chidambaram Stadium, Chepauk",Delhi Capitals,field,Chennai Super Kings,runs,1,151,20,0,Normal,RK Illingworth,VA Kulkarni,2015,0,Chennai Super Kings,Delhi Capitals,1,0,Win
829709,Pune,2015-04-10,League,JP Faulkner,Maharashtra Cricket Association Stadium,Punjab Kings,field,Rajasthan Royals,runs,26,163,20,0,Normal,SD Fry,CB Gaffaney,2015,0,Punjab Kings,Rajasthan Royals,1,0,Loss
829711,Chennai,2015-04-11,League,BB McCullum,"MA Chidambaram Stadium, Chepauk",Chennai Super Kings,bat,Chennai Super Kings,runs,45,210,20,0,Normal,RK Illingworth,VA Kulkarni,2015,1,Chennai Super Kings,Sunrisers Hyderabad,1,0,Win
829713,Kolkata,2015-04-11,League,CH Gayle,Eden Gardens,Royal Challengers Bengaluru,field,Royal Challengers Bengaluru,wickets,3,178,20,0,Normal,S Ravi,C Shamshuddin,2015,1,Kolkata Knight Riders,Royal Challengers Bengaluru,0,1,Loss
829715,Delhi,2015-04-12,League,DJ Hooda,Feroz Shah Kotla,Rajasthan Royals,field,Rajasthan Royals,wickets,3,185,20,0,Normal,SD Fry,CB Gaffaney,2015,1,Delhi Capitals,Rajasthan Royals,0,1,Loss
829717,Mumbai,2015-04-12,League,GJ Bailey,Wankhede Stadium,Mumbai Indians,field,Punjab Kings,runs,18,178,20,0,Normal,AK Chaudhary,K Srinivasan,2015,0,Mumbai Indians,Punjab Kings,1,0,Loss
829719,Bangalore,2015-04-13,League,DA Warner,M Chinnaswamy Stadium,Sunrisers Hyderabad,field,Sunrisers Hyderabad,wickets,8,167,20,0,Normal,RM Deshpande,RK Illingworth,2015,1,Royal Challengers Bengaluru,Sunrisers Hyderabad,0,1,Loss
829721,Ahmedabad,2015-04-14,League,SPD Smith,"Sardar Patel Stadium, Motera",Mumbai Indians,bat,Rajasthan Royals,wickets,7,165,20,0,Normal,AK Chaudhary,SD Fry,2015,0,Rajasthan Royals,Mumbai Indians,0,1,Win
829725,Pune,2015-04-15,League,MA Agarwal,Maharashtra Cricket Association Stadium,Punjab Kings,bat,Delhi Capitals,wickets,5,166,20,0,Normal,CB Gaffaney,K Srinath,2015,0,Punjab Kings,Delhi Capitals,0,1,Loss
829727,Visakhapatnam,2015-04-16,League,AM Rahane,Dr. Y.S. Rajasekhara Reddy ACA-VDCA Cricket Stadium,Rajasthan Royals,field,Rajasthan Royals,wickets,6,128,20,0,Normal,PG Pathak,S Ravi,2015,1,Sunrisers Hyderabad,Rajasthan Royals,0,1,Loss
829729,Mumbai,2015-04-17,League,A Nehra,Wankhede Stadium,Mumbai Indians,bat,Chennai Super Kings,wickets,6,184,20,0,Normal,AK Chaudhary,M Erasmus,2015,0,Mumbai Indians,Chennai Super Kings,0,1,Loss
829731,Visakhapatnam,2015-04-18,League,JP Duminy,Dr. Y.S. Rajasekhara Reddy ACA-VDCA Cricket Stadium,Delhi Capitals,bat,Delhi Capitals,runs,4,168,20,0,Normal,PG Pathak,S Ravi,2015,1,Sunrisers Hyderabad,Delhi Capitals,1,0,Loss
829733,Pune,2015-04-18,League,AD Russell,Maharashtra Cricket Association Stadium,Kolkata Knight Riders,field,Kolkata Knight Riders,wickets,4,156,20,0,Normal,SD Fry,CK Nandan,2015,1,Punjab Kings,Kolkata Knight Riders,0,1,Loss
829735,Ahmedabad,2015-04-19,League,AM Rahane,"Sardar Patel Stadium, Motera",Chennai Super Kings,bat,Rajasthan Royals,wickets,8,157,20,0,Normal,AK Chaudhary,M Erasmus,2015,0,Rajasthan Royals,Chennai Super Kings,0,1,Win
829737,Bangalore,2015-04-19,League,Harbhajan Singh,M Chinnaswamy Stadium,Royal Challengers Bengaluru,field,Mumbai Indians,runs,18,210,20,0,Normal,RK Illingworth,VA Kulkarni,2015,0,Royal Challengers Bengaluru,Mumbai Indians,1,0,Loss
829739,Delhi,2015-04-20,League,UT Yadav,Feroz Shah Kotla,Kolkata Knight Riders,field,Kolkata Knight Riders,wickets,6,147,20,0,Normal,SD Fry,CB Gaffaney,2015,1,Delhi Capitals,Kolkata Knight Riders,0,1,Loss
829741,Ahmedabad,2015-04-21,League,SE Marsh,"Sardar Patel Stadium, Motera",Punjab Kings,field,Punjab Kings,tie,0,192,20,1,Normal,M Erasmus,S Ravi,2015,1,Rajasthan Royals,Punjab Kings,0,0,Loss
829743,Visakhapatnam,2015-04-22,League,DA Warner,Dr. Y.S. Rajasekhara Reddy ACA-VDCA Cricket Stadium,Kolkata Knight Riders,field,Sunrisers Hyderabad,runs,16,118,12,0,D/L,RK Illingworth,VA Kulkarni,2015,0,Sunrisers Hyderabad,Kolkata Knight Riders,1,0,Win
829745,Bangalore,2015-04-22,League,SK Raina,M Chinnaswamy Stadium,Royal Challengers Bengaluru,field,Chennai Super Kings,runs,27,182,20,0,Normal,JD Cloete,C Shamshuddin,2015,0,Royal Challengers Bengaluru,Chennai Super Kings,1,0,Loss
829747,Delhi,2015-04-23,League,SS Iyer,Feroz Shah Kotla,Mumbai Indians,field,Delhi Capitals,runs,37,191,20,0,Normal,SD Fry,CK Nandan,2015,0,Delhi Capitals,Mumbai Indians,1,0,Win
829749,Ahmedabad,2015-04-24,League,MA Starc,"Sardar Patel Stadium, Motera",Royal Challengers Bengaluru,field,Royal Challengers Bengaluru,wickets,9,131,20,0,Normal,M Erasmus,S Ravi,2015,1,Rajasthan Royals,Royal Challengers Bengaluru,0,1,Loss
829751,Mumbai,2015-04-25,League,SL Malinga,Wankhede Stadium,Mumbai Indians,bat,Mumbai Indians,runs,20,158,20,0,Normal,HDPK Dharmasena,CB Gaffaney,2015,1,Mumbai Indians,Sunrisers Hyderabad,1,0,Win
829753,Chennai,2015-04-25,League,BB McCullum,"MA Chidambaram Stadium, Chepauk",Chennai Super Kings,bat,Chennai Super Kings,runs,97,193,20,0,Normal,JD Cloete,C Shamshuddin,2015,1,Chennai Super Kings,Punjab Kings,1,0,Win
829757,Delhi,2015-04-26,League,VR Aaron,Feroz Shah Kotla,Royal Challengers Bengaluru,field,Royal Challengers Bengaluru,wickets,10,96,20,0,Normal,M Erasmus,S Ravi,2015,1,Delhi Capitals,Royal Challengers Bengaluru,0,1,Loss
829759,Chandigarh,2015-04-27,League,TA Boult,"Punjab Cricket Association Stadium, Mohali",Punjab Kings,field,Sunrisers Hyderabad,runs,20,151,20,0,Normal,HDPK Dharmasena,CB Gaffaney,2015,0,Punjab Kings,Sunrisers Hyderabad,1,0,Loss
829765,Chennai,2015-04-28,League,DJ Bravo,"MA Chidambaram Stadium, Chepauk",Kolkata Knight Riders,field,Chennai Super Kings,runs,2,135,20,0,Normal,RM Deshpande,VA Kulkarni,2015,0,Chennai Super Kings,Kolkata Knight Riders,1,0,Win
829763,Bangalore,2015-04-29,League,No Award,M Chinnaswamy Stadium,Rajasthan Royals,field,No Result,no result,0,0,0,0,Normal,JD Cloete,PG Pathak,2015,0,Royal Challengers Bengaluru,Rajasthan Royals,0,0,No Result
829723,Kolkata,2015-04-30,League,AD Russell,Eden Gardens,Kolkata Knight Riders,field,Kolkata Knight Riders,wickets,7,166,20,0,Normal,AK Chaudhary,M Erasmus,2015,1,Kolkata Knight Riders,Chennai Super Kings,0,1,Win
829767,Delhi,2015-05-01,League,NM Coulter-Nile,Feroz Shah Kotla,Delhi Capitals,field,Delhi Capitals,wickets,9,119,20,0,Normal,RK Illingworth,S Ravi,2015,1,Delhi Capitals,Punjab Kings,0,1,Win
829769,Mumbai,2015-05-01,League,AT Rayudu,Wankhede Stadium,Rajasthan Royals,field,Mumbai Indians,runs,8,188,20,0,Normal,HDPK Dharmasena,CK Nandan,2015,0,Mumbai Indians,Rajasthan Royals,1,0,Win
829771,Bangalore,2015-05-02,League,Mandeep Singh,M Chinnaswamy Stadium,Royal Challengers Bengaluru,field,Royal Challengers Bengaluru,wickets,7,112,10,0,Normal,JD Cloete,PG Pathak,2015,1,Royal Challengers Bengaluru,Kolkata Knight Riders,0,1,Win
829773,Hyderabad,2015-05-02,League,DA Warner,"Rajiv Gandhi International Stadium, Uppal",Chennai Super Kings,field,Sunrisers Hyderabad,runs,22,193,20,0,Normal,AK Chaudhary,K Srinivasan,2015,0,Sunrisers Hyderabad,Chennai Super Kings,1,0,Win
829775,Chandigarh,2015-05-03,League,LMP Simmons,"Punjab Cricket Association Stadium, Mohali",Mumbai Indians,bat,Mumbai Indians,runs,23,173,20,0,Normal,RK Illingworth,VA Kulkarni,2015,1,Punjab Kings,Mumbai Indians,1,0,Loss
829777,Mumbai,2015-05-03,League,AM Rahane,Brabourne Stadium,Delhi Capitals,field,Rajasthan Royals,runs,14,190,20,0,Normal,HDPK Dharmasena,CB Gaffaney,2015,0,Rajasthan Royals,Delhi Capitals,1,0,Win
829779,Chennai,2015-05-04,League,SK Raina,"MA Chidambaram Stadium, Chepauk",Chennai Super Kings,bat,Chennai Super Kings,runs,24,149,20,0,Normal,C Shamshuddin,K Srinath,2015,1,Chennai Super Kings,Royal Challengers Bengaluru,1,0,Win
829781,Kolkata,2015-05-04,League,UT Yadav,Eden Gardens,Sunrisers Hyderabad,field,Kolkata Knight Riders,runs,35,168,20,0,Normal,AK Chaudhary,M Erasmus,2015,0,Kolkata Knight Riders,Sunrisers Hyderabad,1,0,Win
829783,Mumbai,2015-05-05,League,Harbhajan Singh,Wankhede Stadium,Delhi Capitals,bat,Mumbai Indians,wickets,5,153,20,0,Normal,HDPK Dharmasena,CB Gaffaney,2015,0,Mumbai Indians,Delhi Capitals,0,1,Win
829785,Bangalore,2015-05-06,League,CH Gayle,M Chinnaswamy Stadium,Punjab Kings,field,Royal Challengers Bengaluru,runs,138,227,20,0,Normal,RK Illingworth,VA Kulkarni,2015,0,Royal Challengers Bengaluru,Punjab Kings,1,0,Win
829761,Kolkata,2015-05-07,League,PP Chawla,Eden Gardens,Kolkata Knight Riders,bat,Kolkata Knight Riders,runs,13,172,20,0,Normal,AK Chaudhary,M Erasmus,2015,1,Kolkata Knight Riders,Delhi Capitals,1,0,Win
829787,Mumbai,2015-05-07,League,EJG Morgan,Brabourne Stadium,Rajasthan Royals,field,Sunrisers Hyderabad,runs,7,202,20,0,Normal,JD Cloete,C Shamshuddin,2015,0,Rajasthan Royals,Sunrisers Hyderabad,1,0,Loss
829789,Chennai,2015-05-08,League,HH Pandya,"MA Chidambaram Stadium, Chepauk",Chennai Super Kings,bat,Mumbai Indians,wickets,6,159,20,0,Normal,CB Gaffaney,CK Nandan,2015,0,Chennai Super Kings,Mumbai Indians,0,1,Loss
829791,Kolkata,2015-05-09,League,AD Russell,Eden Gardens,Punjab Kings,bat,Kolkata Knight Riders,wickets,1,184,20,0,Normal,AK Chaudhary,HDPK Dharmasena,2015,0,Kolkata Knight Riders,Punjab Kings,0,1,Win
829793,Raipur,2015-05-09,League,MC Henriques,Shaheed Veer Narayan Singh International Stadium,Sunrisers Hyderabad,bat,Sunrisers Hyderabad,runs,6,164,20,0,Normal,VA Kulkarni,S Ravi,2015,1,Delhi Capitals,Sunrisers Hyderabad,1,0,Loss
829795,Mumbai,2015-05-10,League,AB de Villiers,Wankhede Stadium,Royal Challengers Bengaluru,bat,Royal Challengers Bengaluru,runs,39,236,20,0,Normal,JD Cloete,C Shamshuddin,2015,1,Mumbai Indians,Royal Challengers Bengaluru,1,0,Loss
829797,Chennai,2015-05-10,League,RA Jadeja,"MA Chidambaram Stadium, Chepauk",Chennai Super Kings,bat,Chennai Super Kings,runs,12,158,20,0,Normal,M Erasmus,CK Nandan,2015,1,Chennai Super Kings,Rajasthan Royals,1,0,Win
829799,Hyderabad,2015-05-11,League,DA Warner,"Rajiv Gandhi International Stadium, Uppal",Sunrisers Hyderabad,bat,Sunrisers Hyderabad,runs,5,186,20,0,Normal,AK Chaudhary,HDPK Dharmasena,2015,1,Sunrisers Hyderabad,Punjab Kings,1,0,Win
829801,Raipur,2015-05-12,League,Z Khan,Shaheed Veer Narayan Singh International Stadium,Chennai Super Kings,bat,Delhi Capitals,wickets,6,120,20,0,Normal,RK Illingworth,VA Kulkarni,2015,0,Delhi Capitals,Chennai Super Kings,0,1,Win
829803,Chandigarh,2015-05-13,League,AR Patel,"Punjab Cricket Association Stadium, Mohali",Royal Challengers Bengaluru,field,Punjab Kings,runs,22,107,10,0,Normal,JD Cloete,C Shamshuddin,2015,0,Punjab Kings,Royal Challengers Bengaluru,1,0,Win
829805,Mumbai,2015-05-14,League,HH Pandya,Wankhede Stadium,Kolkata Knight Riders,field,Mumbai Indians,runs,5,172,20,0,Normal,RK Illingworth,VA Kulkarni,2015,0,Mumbai Indians,Kolkata Knight Riders,1,0,Win
829807,Hyderabad,2015-05-15,League,V Kohli,"Rajiv Gandhi International Stadium, Uppal",Sunrisers Hyderabad,bat,Royal Challengers Bengaluru,wickets,6,81,6,0,D/L,AK Chaudhary,HDPK Dharmasena,2015,0,Sunrisers Hyderabad,Royal Challengers Bengaluru,0,1,Loss
829809,Chandigarh,2015-05-16,League,P Negi,"Punjab Cricket Association Stadium, Mohali",Punjab Kings,bat,Chennai Super Kings,wickets,7,131,20,0,Normal,CK Nandan,C Shamshuddin,2015,0,Punjab Kings,Chennai Super Kings,0,1,Loss
829811,Mumbai,2015-05-16,League,SR Watson,Brabourne Stadium,Rajasthan Royals,bat,Rajasthan Royals,runs,9,200,20,0,Normal,RM Deshpande,RK Illingworth,2015,1,Rajasthan Royals,Kolkata Knight Riders,1,0,Win
829813,Bangalore,2015-05-17,League,No Award,M Chinnaswamy Stadium,Royal Challengers Bengaluru,field,No Result,no result,0,188,20,0,Normal,HDPK Dharmasena,K Srinivasan,2015,0,Royal Challengers Bengaluru,Delhi Capitals,0,0,No Result
829815,Hyderabad,2015-05-17,League,MJ McClenaghan,"Rajiv Gandhi International Stadium, Uppal",Sunrisers Hyderabad,bat,Mumbai Indians,wickets,9,114,20,0,Normal,CB Gaffaney,K Srinath,2015,0,Sunrisers Hyderabad,Mumbai Indians,0,1,Loss
829817,Mumbai,2015-05-19,Qualifier 1,KA Pollard,Wankhede Stadium,Mumbai Indians,bat,Mumbai Indians,runs,25,188,20,0,Normal,HDPK Dharmasena,RK Illingworth,2015,1,Chennai Super Kings,Mumbai Indians,1,0,Loss
829819,Pune,2015-05-20,Eliminator,AB de Villiers,Maharashtra Cricket Association Stadium,Royal Challengers Bengaluru,bat,Royal Challengers Bengaluru,runs,71,181,20,0,Normal,AK Chaudhary,C Shamshuddin,2015,1,Royal Challengers Bengaluru,Rajasthan Royals,1,0,Win
829821,Ranchi,2015-05-22,Qualifier 2,A Nehra,JSCA International Stadium Complex,Chennai Super Kings,field,Chennai Super Kings,wickets,3,140,20,0,Normal,AK Chaudhary,CB Gaffaney,2015,1,Chennai Super Kings,Royal Challengers Bengaluru,0,1,Win
829823,Kolkata,2015-05-24,Final,RG Sharma,Eden Gardens,Chennai Super Kings,field,Mumbai Indians,runs,41,203,20,0,Normal,HDPK Dharmasena,RK Illingworth,2015,0,Mumbai Indians,Chennai Super Kings,1,0,Win
980901,Mumbai,2016-04-09,League,AM Rahane,Wankhede Stadium,Mumbai Indians,bat,Rising Pune Supergiants,wickets,9,122,20,0,Normal,HDPK Dharmasena,CK Nandan,2016,0,Mumbai Indians,Rising Pune Supergiants,0,1,Loss
980903,Kolkata,2016-04-10,League,AD Russell,Eden Gardens,Kolkata Knight Riders,field,Kolkata Knight Riders,wickets,9,99,20,0,Normal,S Ravi,C Shamshuddin,2016,1,Kolkata Knight Riders,Delhi Capitals,0,1,Win
980905,Chandigarh,2016-04-11,League,AJ Finch,"Punjab Cricket Association IS Bindra Stadium, Mohali",Gujarat Lions,field,Gujarat Lions,wickets,5,162,20,0,Normal,AK Chaudhary,VA Kulkarni,2016,1,Punjab Kings,Gujarat Lions,0,1,Loss
980907,Bangalore,2016-04-12,League,AB de Villiers,M Chinnaswamy Stadium,Sunrisers Hyderabad,field,Royal Challengers Bengaluru,runs,45,228,20,0,Normal,HDPK Dharmasena,VK Sharma,2016,0,Royal Challengers Bengaluru,Sunrisers Hyderabad,1,0,Win
980909,Kolkata,2016-04-13,League,RG Sharma,Eden Gardens,Mumbai Indians,field,Mumbai Indians,wickets,6,188,20,0,Normal,Nitin Menon,S Ravi,2016,1,Kolkata Knight Riders,Mumbai Indians,0,1,Loss
980911,Rajkot,2016-04-14,League,AJ Finch,Saurashtra Cricket Association Stadium,Rising Pune Supergiants,bat,Gujarat Lions,wickets,7,164,20,0,Normal,VA Kulkarni,CK Nandan,2016,0,Gujarat Lions,Rising Pune Supergiants,0,1,Win
980913,Delhi,2016-04-15,League,A Mishra,Feroz Shah Kotla,Delhi Capitals,field,Delhi Capitals,wickets,8,112,20,0,Normal,S Ravi,C Shamshuddin,2016,1,Delhi Capitals,Punjab Kings,0,1,Win
980915,Hyderabad,2016-04-16,League,G Gambhir,"Rajiv Gandhi International Stadium, Uppal",Sunrisers Hyderabad,bat,Kolkata Knight Riders,wickets,8,143,20,0,Normal,AK Chaudhary,CK Nandan,2016,0,Sunrisers Hyderabad,Kolkata Knight Riders,0,1,Loss
980917,Mumbai,2016-04-16,League,AJ Finch,Wankhede Stadium,Gujarat Lions,field,Gujarat Lions,wickets,3,144,20,0,Normal,HDPK Dharmasena,VK Sharma,2016,1,Mumbai Indians,Gujarat Lions,0,1,Loss
980919,Chandigarh,2016-04-17,League,M Vohra,"Punjab Cricket Association IS Bindra Stadium, Mohali",Rising Pune Supergiants,bat,Punjab Kings,wickets,6,153,20,0,Normal,S Ravi,C Shamshuddin,2016,0,Punjab Kings,Rising Pune Supergiants,0,1,Win
980921,Bangalore,2016-04-17,League,Q de Kock,M Chinnaswamy Stadium,Delhi Capitals,field,Delhi Capitals,wickets,7,192,20,0,Normal,VA Kulkarni,A Nand Kishore,2016,1,Royal Challengers Bengaluru,Delhi Capitals,0,1,Loss
980923,Hyderabad,2016-04-18,League,DA Warner,"Rajiv Gandhi International Stadium, Uppal",Sunrisers Hyderabad,field,Sunrisers Hyderabad,wickets,7,143,20,0,Normal,HDPK Dharmasena,VK Sharma,2016,1,Sunrisers Hyderabad,Mumbai Indians,0,1,Win
980925,Chandigarh,2016-04-19,League,RV Uthappa,"Punjab Cricket Association IS Bindra Stadium, Mohali",Kolkata Knight Riders,field,Kolkata Knight Riders,wickets,6,139,20,0,Normal,S Ravi,C Shamshuddin,2016,1,Punjab Kings,Kolkata Knight Riders,0,1,Loss
980927,Mumbai,2016-04-20,League,RG Sharma,Wankhede Stadium,Mumbai Indians,field,Mumbai Indians,wickets,6,171,20,0,Normal,AK Chaudhary,CK Nandan,2016,1,Mumbai Indians,Royal Challengers Bengaluru,0,1,Win
980929,Rajkot,2016-04-21,League,B Kumar,Saurashtra Cricket Association Stadium,Sunrisers Hyderabad,field,Sunrisers Hyderabad,wickets,10,136,20,0,Normal,K Bharatan,HDPK Dharmasena,2016,1,Gujarat Lions,Sunrisers Hyderabad,0,1,Loss
980931,Pune,2016-04-22,League,AB de Villiers,Maharashtra Cricket Association Stadium,Rising Pune Supergiants,field,Royal Challengers Bengaluru,runs,13,186,20,0,Normal,CB Gaffaney,VK Sharma,2016,0,Rising Pune Supergiants,Royal Challengers Bengaluru,1,0,Loss
980933,Delhi,2016-04-23,League,SV Samson,Feroz Shah Kotla,Mumbai Indians,field,Delhi Capitals,runs,10,165,20,0,Normal,S Ravi,C Shamshuddin,2016,0,Delhi Capitals,Mumbai Indians,1,0,Win
980935,Hyderabad,2016-04-23,League,Mustafizur Rahman,"Rajiv Gandhi International Stadium, Uppal",Sunrisers Hyderabad,field,Sunrisers Hyderabad,wickets,5,144,20,0,Normal,AK Chaudhary,CK Nandan,2016,1,Sunrisers Hyderabad,Punjab Kings,0,1,Win
980937,Rajkot,2016-04-24,League,V Kohli,Saurashtra Cricket Association Stadium,Royal Challengers Bengaluru,bat,Gujarat Lions,wickets,6,181,20,0,Normal,K Bharatan,BNJ Oxenford,2016,0,Gujarat Lions,Royal Challengers Bengaluru,0,1,Win
980939,Pune,2016-04-24,League,SA Yadav,Maharashtra Cricket Association Stadium,Kolkata Knight Riders,field,Kolkata Knight Riders,wickets,2,161,20,0,Normal,CB Gaffaney,A Nand Kishore,2016,1,Rising Pune Supergiants,Kolkata Knight Riders,0,1,Loss
980941,Chandigarh,2016-04-25,League,PA Patel,"Punjab Cricket Association IS Bindra Stadium, Mohali",Punjab Kings,field,Mumbai Indians,runs,25,190,20,0,Normal,Nitin Menon,RJ Tucker,2016,0,Punjab Kings,Mumbai Indians,1,0,Loss
980943,Hyderabad,2016-04-26,League,AB Dinda,"Rajiv Gandhi International Stadium, Uppal",Rising Pune Supergiants,field,Rising Pune Supergiants,runs,34,61,11,0,D/L,AY Dandekar,CK Nandan,2016,1,Sunrisers Hyderabad,Rising Pune Supergiants,1,0,Loss
980945,Delhi,2016-04-27,League,CH Morris,Feroz Shah Kotla,Delhi Capitals,field,Gujarat Lions,runs,1,173,20,0,Normal,M Erasmus,S Ravi,2016,0,Delhi Capitals,Gujarat Lions,1,0,Loss
980947,Mumbai,2016-04-28,League,RG Sharma,Wankhede Stadium,Mumbai Indians,field,Mumbai Indians,wickets,6,175,20,0,Normal,Nitin Menon,RJ Tucker,2016,1,Mumbai Indians,Kolkata Knight Riders,0,1,Win
980949,Pune,2016-04-29,League,DR Smith,Maharashtra Cricket Association Stadium,Gujarat Lions,field,Gujarat Lions,wickets,3,196,20,0,Normal,CB Gaffaney,BNJ Oxenford,2016,1,Rising Pune Supergiants,Gujarat Lions,0,1,Loss
980951,Delhi,2016-04-30,League,CR Brathwaite,Feroz Shah Kotla,Kolkata Knight Riders,field,Delhi Capitals,runs,27,187,20,0,Normal,KN Ananthapadmanabhan,M Erasmus,2016,0,Delhi Capitals,Kolkata Knight Riders,1,0,Win
980953,Hyderabad,2016-04-30,League,DA Warner,"Rajiv Gandhi International Stadium, Uppal",Royal Challengers Bengaluru,field,Sunrisers Hyderabad,runs,15,195,20,0,Normal,AK Chaudhary,HDPK Dharmasena,2016,0,Sunrisers Hyderabad,Royal Challengers Bengaluru,1,0,Win
980955,Rajkot,2016-05-01,League,AR Patel,Saurashtra Cricket Association Stadium,Gujarat Lions,field,Punjab Kings,runs,23,155,20,0,Normal,BNJ Oxenford,VK Sharma,2016,0,Gujarat Lions,Punjab Kings,1,0,Loss
980957,Pune,2016-05-01,League,RG Sharma,Maharashtra Cricket Association Stadium,Mumbai Indians,field,Mumbai Indians,wickets,8,160,20,0,Normal,AY Dandekar,RJ Tucker,2016,1,Rising Pune Supergiants,Mumbai Indians,0,1,Loss
980959,Bangalore,2016-05-02,League,AD Russell,M Chinnaswamy Stadium,Kolkata Knight Riders,field,Kolkata Knight Riders,wickets,5,186,20,0,Normal,M Erasmus,S Ravi,2016,1,Royal Challengers Bengaluru,Kolkata Knight Riders,0,1,Loss
980961,Rajkot,2016-05-03,League,RR Pant,Saurashtra Cricket Association Stadium,Delhi Capitals,field,Delhi Capitals,wickets,8,150,20,0,Normal,CB Gaffaney,BNJ Oxenford,2016,1,Gujarat Lions,Delhi Capitals,0,1,Loss
980963,Kolkata,2016-05-04,League,AD Russell,Eden Gardens,Punjab Kings,field,Kolkata Knight Riders,runs,7,165,20,0,Normal,AK Chaudhary,HDPK Dharmasena,2016,0,Kolkata Knight Riders,Punjab Kings,1,0,Win
980965,Delhi,2016-05-05,League,AM Rahane,Feroz Shah Kotla,Rising Pune Supergiants,field,Rising Pune Supergiants,wickets,7,163,20,0,Normal,C Shamshuddin,RJ Tucker,2016,1,Delhi Capitals,Rising Pune Supergiants,0,1,Loss
980967,Hyderabad,2016-05-06,League,B Kumar,"Rajiv Gandhi International Stadium, Uppal",Sunrisers Hyderabad,field,Sunrisers Hyderabad,wickets,5,127,20,0,Normal,M Erasmus,S Ravi,2016,1,Sunrisers Hyderabad,Gujarat Lions,0,1,Win
980969,Bangalore,2016-05-07,League,V Kohli,M Chinnaswamy Stadium,Royal Challengers Bengaluru,field,Royal Challengers Bengaluru,wickets,7,192,20,0,Normal,CB Gaffaney,BNJ Oxenford,2016,1,Royal Challengers Bengaluru,Rising Pune Supergiants,0,1,Win
980971,Chandigarh,2016-05-07,League,MP Stoinis,"Punjab Cricket Association IS Bindra Stadium, Mohali",Delhi Capitals,field,Punjab Kings,runs,9,182,20,0,Normal,HDPK Dharmasena,CK Nandan,2016,0,Punjab Kings,Delhi Capitals,1,0,Win
980973,Visakhapatnam,2016-05-08,League,A Nehra,Dr. Y.S. Rajasekhara Reddy ACA-VDCA Cricket Stadium,Mumbai Indians,field,Sunrisers Hyderabad,runs,85,178,20,0,Normal,S Ravi,C Shamshuddin,2016,0,Mumbai Indians,Sunrisers Hyderabad,1,0,Loss
980975,Kolkata,2016-05-08,League,P Kumar,Eden Gardens,Gujarat Lions,field,Gujarat Lions,wickets,5,159,20,0,Normal,M Erasmus,RJ Tucker,2016,1,Kolkata Knight Riders,Gujarat Lions,0,1,Loss
980977,Chandigarh,2016-05-09,League,SR Watson,"Punjab Cricket Association IS Bindra Stadium, Mohali",Punjab Kings,field,Royal Challengers Bengaluru,runs,1,176,20,0,Normal,AK Chaudhary,HDPK Dharmasena,2016,0,Punjab Kings,Royal Challengers Bengaluru,1,0,Loss
980979,Visakhapatnam,2016-05-10,League,A Zampa,Dr. Y.S. Rajasekhara Reddy ACA-VDCA Cricket Stadium,Sunrisers Hyderabad,bat,Sunrisers Hyderabad,runs,4,138,20,0,Normal,CB Gaffaney,VK Sharma,2016,1,Rising Pune Supergiants,Sunrisers Hyderabad,1,0,Loss
980981,Bangalore,2016-05-11,League,KH Pandya,M Chinnaswamy Stadium,Mumbai Indians,field,Mumbai Indians,wickets,6,152,20,0,Normal,AY Dandekar,C Shamshuddin,2016,1,Royal Challengers Bengaluru,Mumbai Indians,0,1,Loss
980983,Hyderabad,2016-05-12,League,CH Morris,"Rajiv Gandhi International Stadium, Uppal",Delhi Capitals,field,Delhi Capitals,wickets,7,147,20,0,Normal,K Bharatan,M Erasmus,2016,1,Sunrisers Hyderabad,Delhi Capitals,0,1,Loss
980985,Visakhapatnam,2016-05-13,League,MP Stoinis,Dr. Y.S. Rajasekhara Reddy ACA-VDCA Cricket Stadium,Mumbai Indians,bat,Punjab Kings,wickets,7,125,20,0,Normal,HDPK Dharmasena,CK Nandan,2016,0,Mumbai Indians,Punjab Kings,0,1,Loss
980987,Bangalore,2016-05-14,League,AB de Villiers,M Chinnaswamy Stadium,Gujarat Lions,field,Royal Challengers Bengaluru,runs,144,249,20,0,Normal,AY Dandekar,VK Sharma,2016,0,Royal Challengers Bengaluru,Gujarat Lions,1,0,Win
980989,Kolkata,2016-05-14,League,YK Pathan,Eden Gardens,Rising Pune Supergiants,bat,Kolkata Knight Riders,wickets,8,66,9,0,D/L,A Nand Kishore,BNJ Oxenford,2016,0,Kolkata Knight Riders,Rising Pune Supergiants,0,1,Win
980991,Chandigarh,2016-05-15,League,HM Amla,"Punjab Cricket Association IS Bindra Stadium, Mohali",Punjab Kings,bat,Sunrisers Hyderabad,wickets,7,180,20,0,Normal,KN Ananthapadmanabhan,M Erasmus,2016,0,Punjab Kings,Sunrisers Hyderabad,0,1,Loss
980993,Visakhapatnam,2016-05-15,League,KH Pandya,Dr. Y.S. Rajasekhara Reddy ACA-VDCA Cricket Stadium,Delhi Capitals,field,Mumbai Indians,runs,80,207,20,0,Normal,Nitin Menon,CK Nandan,2016,0,Mumbai Indians,Delhi Capitals,1,0,Win
980995,Kolkata,2016-05-16,League,V Kohli,Eden Gardens,Royal Challengers Bengaluru,field,Royal Challengers Bengaluru,wickets,9,184,20,0,Normal,CB Gaffaney,A Nand Kishore,2016,1,Kolkata Knight Riders,Royal Challengers Bengaluru,0,1,Loss
980997,Visakhapatnam,2016-05-17,League,AB Dinda,Dr. Y.S. Rajasekhara Reddy ACA-VDCA Cricket Stadium,Rising Pune Supergiants,field,Rising Pune Supergiants,runs,19,58,11,0,D/L,Nitin Menon,C Shamshuddin,2016,1,Rising Pune Supergiants,Delhi Capitals,1,0,Win
980999,Bangalore,2016-05-18,League,V Kohli,M Chinnaswamy Stadium,Punjab Kings,field,Royal Challengers Bengaluru,runs,82,203,14,0,D/L,KN Ananthapadmanabhan,M Erasmus,2016,0,Royal Challengers Bengaluru,Punjab Kings,1,0,Win
981001,Kanpur,2016-05-19,League,DR Smith,Green Park,Gujarat Lions,field,Gujarat Lions,wickets,6,125,20,0,Normal,AK Chaudhary,CK Nandan,2016,1,Gujarat Lions,Kolkata Knight Riders,0,1,Win
981003,Raipur,2016-05-20,League,KK Nair,Shaheed Veer Narayan Singh International Stadium,Delhi Capitals,field,Delhi Capitals,wickets,6,159,20,0,Normal,A Nand Kishore,BNJ Oxenford,2016,1,Delhi Capitals,Sunrisers Hyderabad,0,1,Win
981005,Visakhapatnam,2016-05-21,League,MS Dhoni,Dr. Y.S. Rajasekhara Reddy ACA-VDCA Cricket Stadium,Punjab Kings,bat,Rising Pune Supergiants,wickets,4,173,20,0,Normal,HDPK Dharmasena,Nitin Menon,2016,0,Rising Pune Supergiants,Punjab Kings,0,1,Win
981007,Kanpur,2016-05-21,League,SK Raina,Green Park,Gujarat Lions,field,Gujarat Lions,wickets,6,173,20,0,Normal,AK Chaudhary,CK Nandan,2016,1,Gujarat Lions,Mumbai Indians,0,1,Win
981009,Kolkata,2016-05-22,League,YK Pathan,Eden Gardens,Sunrisers Hyderabad,field,Kolkata Knight Riders,runs,22,172,20,0,Normal,KN Ananthapadmanabhan,M Erasmus,2016,0,Kolkata Knight Riders,Sunrisers Hyderabad,1,0,Win
981011,Raipur,2016-05-22,League,V Kohli,Shaheed Veer Narayan Singh International Stadium,Royal Challengers Bengaluru,field,Royal Challengers Bengaluru,wickets,6,139,20,0,Normal,A Nand Kishore,BNJ Oxenford,2016,1,Delhi Capitals,Royal Challengers Bengaluru,0,1,Loss
981013,Bangalore,2016-05-24,Qualifier 1,AB de Villiers,M Chinnaswamy Stadium,Royal Challengers Bengaluru,field,Royal Challengers Bengaluru,wickets,4,159,20,0,Normal,AK Chaudhary,HDPK Dharmasena,2016,1,Gujarat Lions,Royal Challengers Bengaluru,0,1,Loss
981015,Delhi,2016-05-25,Elimination Final,MC Henriques,Feroz Shah Kotla,Kolkata Knight Riders,field,Sunrisers Hyderabad,runs,22,163,20,0,Normal,M Erasmus,C Shamshuddin,2016,0,Sunrisers Hyderabad,Kolkata Knight Riders,1,0,Win
981017,Delhi,2016-05-27,Qualifier 2,DA Warner,Feroz Shah Kotla,Sunrisers Hyderabad,field,Sunrisers Hyderabad,wickets,4,163,20,0,Normal,M Erasmus,CK Nandan,2016,1,Gujarat Lions,Sunrisers Hyderabad,0,1,Loss
981019,Bangalore,2016-05-29,Final,BCJ Cutting,M Chinnaswamy Stadium,Sunrisers Hyderabad,bat,Sunrisers Hyderabad,runs,8,209,20,0,Normal,HDPK Dharmasena,BNJ Oxenford,2016,1,Royal Challengers Bengaluru,Sunrisers Hyderabad,1,0,Loss
1082591,Hyderabad,2017-04-05,League,Yuvraj Singh,"Rajiv Gandhi International Stadium, Uppal",Royal Challengers Bengaluru,field,Sunrisers Hyderabad,runs,35,208,20,0,Normal,AY Dandekar,NJ Llong,2017,0,Sunrisers Hyderabad,Royal Challengers Bengaluru,1,0,Win
1082592,Pune,2017-04-06,League,SPD Smith,Maharashtra Cricket Association Stadium,Rising Pune Supergiants,field,Rising Pune Supergiants,wickets,7,185,20,0,Normal,A Nand Kishore,S Ravi,2017,1,Rising Pune Supergiants,Mumbai Indians,0,1,Win
1082593,Rajkot,2017-04-07,League,CA Lynn,Saurashtra Cricket Association Stadium,Kolkata Knight Riders,field,Kolkata Knight Riders,wickets,10,184,20,0,Normal,Nitin Menon,CK Nandan,2017,1,Gujarat Lions,Kolkata Knight Riders,0,1,Loss
1082594,Indore,2017-04-08,League,GJ Maxwell,Holkar Cricket Stadium,Punjab Kings,field,Punjab Kings,wickets,6,164,20,0,Normal,AK Chaudhary,C Shamshuddin,2017,1,Punjab Kings,Rising Pune Supergiants,0,1,Win
1082595,Bengaluru,2017-04-08,League,KM Jadhav,M.Chinnaswamy Stadium,Royal Challengers Bengaluru,bat,Royal Challengers Bengaluru,runs,15,158,20,0,Normal,S Ravi,VK Sharma,2017,1,Royal Challengers Bengaluru,Delhi Capitals,1,0,Win
1082596,Hyderabad,2017-04-09,League,Rashid Khan,"Rajiv Gandhi International Stadium, Uppal",Sunrisers Hyderabad,field,Sunrisers Hyderabad,wickets,9,136,20,0,Normal,A Deshmukh,NJ Llong,2017,1,Sunrisers Hyderabad,Gujarat Lions,0,1,Win
1082597,Mumbai,2017-04-09,League,N Rana,Wankhede Stadium,Mumbai Indians,field,Mumbai Indians,wickets,4,179,20,0,Normal,Nitin Menon,CK Nandan,2017,1,Mumbai Indians,Kolkata Knight Riders,0,1,Win
1082598,Indore,2017-04-10,League,AR Patel,Holkar Cricket Stadium,Royal Challengers Bengaluru,bat,Punjab Kings,wickets,8,149,20,0,Normal,AK Chaudhary,C Shamshuddin,2017,0,Punjab Kings,Royal Challengers Bengaluru,0,1,Win
1082599,Pune,2017-04-11,League,SV Samson,Maharashtra Cricket Association Stadium,Rising Pune Supergiants,field,Delhi Capitals,runs,97,206,20,0,Normal,AY Dandekar,S Ravi,2017,0,Rising Pune Supergiants,Delhi Capitals,1,0,Loss
1082600,Mumbai,2017-04-12,League,JJ Bumrah,Wankhede Stadium,Mumbai Indians,field,Mumbai Indians,wickets,4,159,20,0,Normal,Nitin Menon,CK Nandan,2017,1,Mumbai Indians,Sunrisers Hyderabad,0,1,Win
1082601,Kolkata,2017-04-13,League,SP Narine,Eden Gardens,Kolkata Knight Riders,field,Kolkata Knight Riders,wickets,8,171,20,0,Normal,A Deshmukh,NJ Llong,2017,1,Kolkata Knight Riders,Punjab Kings,0,1,Win
1082602,Bangalore,2017-04-14,League,KA Pollard,M Chinnaswamy Stadium,Mumbai Indians,field,Mumbai Indians,wickets,4,143,20,0,Normal,KN Ananthapadmanabhan,AK Chaudhary,2017,1,Royal Challengers Bengaluru,Mumbai Indians,0,1,Loss
1082603,Rajkot,2017-04-14,League,AJ Tye,Saurashtra Cricket Association Stadium,Gujarat Lions,field,Gujarat Lions,wickets,7,172,20,0,Normal,A Nand Kishore,S Ravi,2017,1,Gujarat Lions,Rising Pune Supergiants,0,1,Win
1082604,Kolkata,2017-04-15,League,RV Uthappa,Eden Gardens,Sunrisers Hyderabad,field,Kolkata Knight Riders,runs,17,173,20,0,Normal,AY Dandekar,NJ Llong,2017,0,Kolkata Knight Riders,Sunrisers Hyderabad,1,0,Win
1082605,Delhi,2017-04-15,League,CJ Anderson,Feroz Shah Kotla,Delhi Capitals,bat,Delhi Capitals,runs,51,189,20,0,Normal,YC Barde,Nitin Menon,2017,1,Delhi Capitals,Punjab Kings,1,0,Win
1082606,Mumbai,2017-04-16,League,N Rana,Wankhede Stadium,Mumbai Indians,field,Mumbai Indians,wickets,6,177,20,0,Normal,A Nand Kishore,S Ravi,2017,1,Mumbai Indians,Gujarat Lions,0,1,Win
1082607,Bangalore,2017-04-16,League,BA Stokes,M Chinnaswamy Stadium,Royal Challengers Bengaluru,field,Rising Pune Supergiants,runs,27,162,20,0,Normal,KN Ananthapadmanabhan,C Shamshuddin,2017,0,Royal Challengers Bengaluru,Rising Pune Supergiants,1,0,Loss
1082608,Delhi,2017-04-17,League,NM Coulter-Nile,Feroz Shah Kotla,Delhi Capitals,bat,Kolkata Knight Riders,wickets,4,169,20,0,Normal,Nitin Menon,CK Nandan,2017,0,Delhi Capitals,Kolkata Knight Riders,0,1,Loss
1082609,Hyderabad,2017-04-17,League,B Kumar,"Rajiv Gandhi International Stadium, Uppal",Punjab Kings,field,Sunrisers Hyderabad,runs,5,160,20,0,Normal,AY Dandekar,A Deshmukh,2017,0,Sunrisers Hyderabad,Punjab Kings,1,0,Win
1082610,Rajkot,2017-04-18,League,CH Gayle,Saurashtra Cricket Association Stadium,Gujarat Lions,field,Royal Challengers Bengaluru,runs,21,214,20,0,Normal,S Ravi,VK Sharma,2017,0,Gujarat Lions,Royal Challengers Bengaluru,1,0,Loss
1082611,Hyderabad,2017-04-19,League,KS Williamson,"Rajiv Gandhi International Stadium, Uppal",Sunrisers Hyderabad,bat,Sunrisers Hyderabad,runs,15,192,20,0,Normal,CB Gaffaney,NJ Llong,2017,1,Sunrisers Hyderabad,Delhi Capitals,1,0,Win
1082612,Indore,2017-04-20,League,JC Buttler,Holkar Cricket Stadium,Mumbai Indians,field,Mumbai Indians,wickets,8,199,20,0,Normal,M Erasmus,C Shamshuddin,2017,1,Punjab Kings,Mumbai Indians,0,1,Loss
1082613,Kolkata,2017-04-21,League,SK Raina,Eden Gardens,Gujarat Lions,field,Gujarat Lions,wickets,4,188,20,0,Normal,CB Gaffaney,Nitin Menon,2017,1,Kolkata Knight Riders,Gujarat Lions,0,1,Loss
1082614,Mumbai,2017-04-22,League,MJ McClenaghan,Wankhede Stadium,Delhi Capitals,field,Mumbai Indians,runs,14,143,20,0,Normal,A Nand Kishore,S Ravi,2017,0,Mumbai Indians,Delhi Capitals,1,0,Win
1082615,Pune,2017-04-22,League,MS Dhoni,Maharashtra Cricket Association Stadium,Rising Pune Supergiants,field,Rising Pune Supergiants,wickets,6,177,20,0,Normal,AY Dandekar,A Deshmukh,2017,1,Rising Pune Supergiants,Sunrisers Hyderabad,0,1,Win
1082616,Rajkot,2017-04-23,League,HM Amla,Saurashtra Cricket Association Stadium,Gujarat Lions,field,Punjab Kings,runs,26,189,20,0,Normal,AK Chaudhary,M Erasmus,2017,0,Gujarat Lions,Punjab Kings,1,0,Loss
1082617,Kolkata,2017-04-23,League,NM Coulter-Nile,Eden Gardens,Royal Challengers Bengaluru,field,Kolkata Knight Riders,runs,82,132,20,0,Normal,CB Gaffaney,CK Nandan,2017,0,Kolkata Knight Riders,Royal Challengers Bengaluru,1,0,Win
1082618,Mumbai,2017-04-24,League,BA Stokes,Wankhede Stadium,Mumbai Indians,field,Rising Pune Supergiants,runs,3,161,20,0,Normal,A Nand Kishore,S Ravi,2017,0,Mumbai Indians,Rising Pune Supergiants,1,0,Loss
1082620,Pune,2017-04-26,League,RV Uthappa,Maharashtra Cricket Association Stadium,Kolkata Knight Riders,field,Kolkata Knight Riders,wickets,7,183,20,0,Normal,AY Dandekar,NJ Llong,2017,1,Rising Pune Supergiants,Kolkata Knight Riders,0,1,Loss
1082621,Bangalore,2017-04-27,League,AJ Tye,M Chinnaswamy Stadium,Gujarat Lions,field,Gujarat Lions,wickets,7,135,20,0,Normal,AK Chaudhary,C Shamshuddin,2017,1,Royal Challengers Bengaluru,Gujarat Lions,0,1,Loss
1082622,Kolkata,2017-04-28,League,G Gambhir,Eden Gardens,Kolkata Knight Riders,field,Kolkata Knight Riders,wickets,7,161,20,0,Normal,NJ Llong,S Ravi,2017,1,Kolkata Knight Riders,Delhi Capitals,0,1,Win
1082623,Chandigarh,2017-04-28,League,Rashid Khan,"Punjab Cricket Association IS Bindra Stadium, Mohali",Punjab Kings,field,Sunrisers Hyderabad,runs,26,208,20,0,Normal,Nitin Menon,CK Nandan,2017,0,Punjab Kings,Sunrisers Hyderabad,1,0,Loss
1082624,Pune,2017-04-29,League,LH Ferguson,Maharashtra Cricket Association Stadium,Royal Challengers Bengaluru,field,Rising Pune Supergiants,runs,61,158,20,0,Normal,KN Ananthapadmanabhan,M Erasmus,2017,0,Rising Pune Supergiants,Royal Challengers Bengaluru,1,0,Win
1082625,Rajkot,2017-04-29,League,KH Pandya,Saurashtra Cricket Association Stadium,Gujarat Lions,bat,Mumbai Indians,tie,0,154,20,1,Normal,AK Chaudhary,CB Gaffaney,2017,0,Gujarat Lions,Mumbai Indians,0,0,Loss
1082626,Chandigarh,2017-04-30,League,Sandeep Sharma,"Punjab Cricket Association IS Bindra Stadium, Mohali",Punjab Kings,field,Punjab Kings,wickets,10,68,20,0,Normal,YC Barde,CK Nandan,2017,1,Punjab Kings,Delhi Capitals,0,1,Win
1082627,Hyderabad,2017-04-30,League,DA Warner,"Rajiv Gandhi International Stadium, Uppal",Kolkata Knight Riders,field,Sunrisers Hyderabad,runs,48,210,20,0,Normal,AY Dandekar,S Ravi,2017,0,Sunrisers Hyderabad,Kolkata Knight Riders,1,0,Win
1082628,Mumbai,2017-05-01,League,RG Sharma,Wankhede Stadium,Royal Challengers Bengaluru,bat,Mumbai Indians,wickets,5,163,20,0,Normal,AK Chaudhary,CB Gaffaney,2017,0,Mumbai Indians,Royal Challengers Bengaluru,0,1,Win
1082629,Pune,2017-05-01,League,BA Stokes,Maharashtra Cricket Association Stadium,Rising Pune Supergiants,field,Rising Pune Supergiants,wickets,5,162,20,0,Normal,M Erasmus,C Shamshuddin,2017,1,Rising Pune Supergiants,Gujarat Lions,0,1,Win
1082630,Delhi,2017-05-02,League,Mohammed Shami,Feroz Shah Kotla,Delhi Capitals,field,Delhi Capitals,wickets,6,186,20,0,Normal,YC Barde,Nitin Menon,2017,1,Delhi Capitals,Sunrisers Hyderabad,0,1,Win
1082631,Kolkata,2017-05-03,League,RA Tripathi,Eden Gardens,Rising Pune Supergiants,field,Rising Pune Supergiants,wickets,4,156,20,0,Normal,KN Ananthapadmanabhan,A Nand Kishore,2017,1,Kolkata Knight Riders,Rising Pune Supergiants,0,1,Loss
1082632,Delhi,2017-05-04,League,RR Pant,Feroz Shah Kotla,Delhi Capitals,field,Delhi Capitals,wickets,7,209,20,0,Normal,M Erasmus,Nitin Menon,2017,1,Delhi Capitals,Gujarat Lions,0,1,Win
1082633,Bangalore,2017-05-05,League,Sandeep Sharma,M Chinnaswamy Stadium,Royal Challengers Bengaluru,field,Punjab Kings,runs,19,139,20,0,Normal,CB Gaffaney,C Shamshuddin,2017,0,Royal Challengers Bengaluru,Punjab Kings,1,0,Loss
1082634,Hyderabad,2017-05-06,League,JD Unadkat,"Rajiv Gandhi International Stadium, Uppal",Sunrisers Hyderabad,field,Rising Pune Supergiants,runs,12,149,20,0,Normal,KN Ananthapadmanabhan,AK Chaudhary,2017,0,Sunrisers Hyderabad,Rising Pune Supergiants,1,0,Loss
1082635,Delhi,2017-05-06,League,LMP Simmons,Feroz Shah Kotla,Delhi Capitals,field,Mumbai Indians,runs,146,213,20,0,Normal,Nitin Menon,CK Nandan,2017,0,Delhi Capitals,Mumbai Indians,1,0,Loss
1082636,Bangalore,2017-05-07,League,SP Narine,M Chinnaswamy Stadium,Kolkata Knight Riders,field,Kolkata Knight Riders,wickets,6,159,20,0,Normal,AY Dandekar,C Shamshuddin,2017,1,Royal Challengers Bengaluru,Kolkata Knight Riders,0,1,Loss
1082637,Chandigarh,2017-05-07,League,DR Smith,"Punjab Cricket Association IS Bindra Stadium, Mohali",Gujarat Lions,field,Gujarat Lions,wickets,6,190,20,0,Normal,A Nand Kishore,VK Sharma,2017,1,Punjab Kings,Gujarat Lions,0,1,Loss
1082638,Hyderabad,2017-05-08,League,S Dhawan,"Rajiv Gandhi International Stadium, Uppal",Mumbai Indians,bat,Sunrisers Hyderabad,wickets,7,139,20,0,Normal,KN Ananthapadmanabhan,M Erasmus,2017,0,Sunrisers Hyderabad,Mumbai Indians,0,1,Win
1082639,Chandigarh,2017-05-09,League,MM Sharma,"Punjab Cricket Association IS Bindra Stadium, Mohali",Kolkata Knight Riders,field,Punjab Kings,runs,14,168,20,0,Normal,A Nand Kishore,S Ravi,2017,0,Punjab Kings,Kolkata Knight Riders,1,0,Win
1082640,Kanpur,2017-05-10,League,SS Iyer,Green Park,Delhi Capitals,field,Delhi Capitals,wickets,2,196,20,0,Normal,YC Barde,AK Chaudhary,2017,1,Gujarat Lions,Delhi Capitals,0,1,Loss
1082641,Mumbai,2017-05-11,League,WP Saha,Wankhede Stadium,Mumbai Indians,field,Punjab Kings,runs,7,231,20,0,Normal,A Deshmukh,A Nand Kishore,2017,0,Mumbai Indians,Punjab Kings,1,0,Loss
1082642,Delhi,2017-05-12,League,KK Nair,Feroz Shah Kotla,Delhi Capitals,bat,Delhi Capitals,runs,7,169,20,0,Normal,KN Ananthapadmanabhan,CK Nandan,2017,1,Delhi Capitals,Rising Pune Supergiants,1,0,Win
1082643,Kanpur,2017-05-13,League,Mohammed Siraj,Green Park,Sunrisers Hyderabad,field,Sunrisers Hyderabad,wickets,8,155,20,0,Normal,AK Chaudhary,Nitin Menon,2017,1,Gujarat Lions,Sunrisers Hyderabad,0,1,Loss
1082644,Kolkata,2017-05-13,League,AT Rayudu,Eden Gardens,Kolkata Knight Riders,field,Mumbai Indians,runs,9,174,20,0,Normal,A Nand Kishore,S Ravi,2017,0,Kolkata Knight Riders,Mumbai Indians,1,0,Loss
1082645,Pune,2017-05-14,League,JD Unadkat,Maharashtra Cricket Association Stadium,Rising Pune Supergiants,field,Rising Pune Supergiants,wickets,9,74,20,0,Normal,AY Dandekar,A Deshmukh,2017,1,Rising Pune Supergiants,Punjab Kings,0,1,Win
1082646,Delhi,2017-05-14,League,HV Patel,Feroz Shah Kotla,Royal Challengers Bengaluru,bat,Royal Challengers Bengaluru,runs,10,162,20,0,Normal,CK Nandan,C Shamshuddin,2017,1,Delhi Capitals,Royal Challengers Bengaluru,1,0,Loss
1082647,Mumbai,2017-05-16,Qualifier 1,Washington Sundar,Wankhede Stadium,Mumbai Indians,field,Rising Pune Supergiants,runs,20,163,20,0,Normal,S Ravi,C Shamshuddin,2017,0,Mumbai Indians,Rising Pune Supergiants,1,0,Loss
1082648,Bangalore,2017-05-17,Eliminator,NM Coulter-Nile,M Chinnaswamy Stadium,Kolkata Knight Riders,field,Kolkata Knight Riders,wickets,7,48,6,0,D/L,AK Chaudhary,Nitin Menon,2017,1,Sunrisers Hyderabad,Kolkata Knight Riders,0,1,Loss
1082649,Bangalore,2017-05-19,Qualifier 2,KV Sharma,M Chinnaswamy Stadium,Mumbai Indians,field,Mumbai Indians,wickets,6,108,20,0,Normal,NJ Llong,Nitin Menon,2017,1,Mumbai Indians,Kolkata Knight Riders,0,1,Win
1082650,Hyderabad,2017-05-21,Final,KH Pandya,"Rajiv Gandhi International Stadium, Uppal",Mumbai Indians,bat,Mumbai Indians,runs,1,130,20,0,Normal,NJ Llong,S Ravi,2017,1,Mumbai Indians,Rising Pune Supergiants,1,0,Win
1136561,Mumbai,2018-04-07,League,DJ Bravo,Wankhede Stadium,Chennai Super Kings,field,Chennai Super Kings,wickets,1,166,20,0,Normal,CB Gaffaney,A Nand Kishore,2018,1,Mumbai Indians,Chennai Super Kings,0,1,Loss
1136562,Chandigarh,2018-04-08,League,KL Rahul,Punjab Cricket Association IS Bindra Stadium,Punjab Kings,field,Punjab Kings,wickets,6,167,20,0,Normal,KN Ananthapadmanabhan,RJ Tucker,2018,1,Delhi Capitals,Punjab Kings,0,1,Loss
1136563,Kolkata,2018-04-08,League,SP Narine,Eden Gardens,Kolkata Knight Riders,field,Kolkata Knight Riders,wickets,4,177,20,0,Normal,A Deshmukh,C Shamshuddin,2018,1,Royal Challengers Bengaluru,Kolkata Knight Riders,0,1,Loss
1136564,Hyderabad,2018-04-09,League,S Dhawan,Rajiv Gandhi International Stadium,Sunrisers Hyderabad,field,Sunrisers Hyderabad,wickets,9,126,20,0,Normal,NJ Llong,VA Kulkarni,2018,1,Rajasthan Royals,Sunrisers Hyderabad,0,1,Loss
1136565,Chennai,2018-04-10,League,SW Billings,MA Chidambaram Stadium,Chennai Super Kings,field,Chennai Super Kings,wickets,5,203,20,0,Normal,AK Chaudhary,CB Gaffaney,2018,1,Kolkata Knight Riders,Chennai Super Kings,0,1,Loss
1136566,Jaipur,2018-04-11,League,SV Samson,Sawai Mansingh Stadium,Delhi Capitals,field,Rajasthan Royals,runs,10,71,6,0,D/L,KN Ananthapadmanabhan,Nitin Menon,2018,0,Rajasthan Royals,Delhi Capitals,1,0,Win
1136567,Hyderabad,2018-04-12,League,Rashid Khan,Rajiv Gandhi International Stadium,Sunrisers Hyderabad,field,Sunrisers Hyderabad,wickets,1,148,20,0,Normal,CK Nandan,NJ Llong,2018,1,Mumbai Indians,Sunrisers Hyderabad,0,1,Loss
1136568,Bengaluru,2018-04-13,League,UT Yadav,M.Chinnaswamy Stadium,Royal Challengers Bengaluru,field,Royal Challengers Bengaluru,wickets,4,156,20,0,Normal,A Deshmukh,S Ravi,2018,1,Punjab Kings,Royal Challengers Bengaluru,0,1,Loss
1136569,Mumbai,2018-04-14,League,JJ Roy,Wankhede Stadium,Delhi Capitals,field,Delhi Capitals,wickets,7,195,20,0,Normal,KN Ananthapadmanabhan,Nitin Menon,2018,1,Mumbai Indians,Delhi Capitals,0,1,Loss
1136570,Kolkata,2018-04-14,League,B Stanlake,Eden Gardens,Sunrisers Hyderabad,field,Sunrisers Hyderabad,wickets,5,139,20,0,Normal,AK Chaudhary,A Nand Kishore,2018,1,Kolkata Knight Riders,Sunrisers Hyderabad,0,1,Loss
1136571,Bengaluru,2018-04-15,League,SV Samson,M.Chinnaswamy Stadium,Royal Challengers Bengaluru,field,Rajasthan Royals,runs,19,218,20,0,Normal,C Shamshuddin,S Ravi,2018,0,Rajasthan Royals,Royal Challengers Bengaluru,1,0,Win
1136572,Chandigarh,2018-04-15,League,CH Gayle,Punjab Cricket Association IS Bindra Stadium,Chennai Super Kings,field,Punjab Kings,runs,4,198,20,0,Normal,CK Nandan,VA Kulkarni,2018,0,Punjab Kings,Chennai Super Kings,1,0,Win
1136573,Kolkata,2018-04-16,League,N Rana,Eden Gardens,Delhi Capitals,field,Kolkata Knight Riders,runs,71,201,20,0,Normal,AK Chaudhary,A Nand Kishore,2018,0,Kolkata Knight Riders,Delhi Capitals,1,0,Win
1136574,Mumbai,2018-04-17,League,RG Sharma,Wankhede Stadium,Royal Challengers Bengaluru,field,Mumbai Indians,runs,46,214,20,0,Normal,Nitin Menon,RJ Tucker,2018,0,Mumbai Indians,Royal Challengers Bengaluru,1,0,Win
1136575,Jaipur,2018-04-18,League,N Rana,Sawai Mansingh Stadium,Kolkata Knight Riders,field,Kolkata Knight Riders,wickets,7,161,20,0,Normal,A Deshmukh,S Ravi,2018,1,Rajasthan Royals,Kolkata Knight Riders,0,1,Loss
1136576,Chandigarh,2018-04-19,League,CH Gayle,Punjab Cricket Association IS Bindra Stadium,Punjab Kings,bat,Punjab Kings,runs,15,194,20,0,Normal,AK Chaudhary,NJ Llong,2018,1,Punjab Kings,Sunrisers Hyderabad,1,0,Win
1136577,Pune,2018-04-20,League,SR Watson,Maharashtra Cricket Association Stadium,Rajasthan Royals,field,Chennai Super Kings,runs,64,205,20,0,Normal,KN Ananthapadmanabhan,Nitin Menon,2018,0,Chennai Super Kings,Rajasthan Royals,1,0,Win
1136578,Kolkata,2018-04-21,League,KL Rahul,Eden Gardens,Punjab Kings,field,Punjab Kings,wickets,9,125,13,0,D/L,A Deshmukh,C Shamshuddin,2018,1,Kolkata Knight Riders,Punjab Kings,0,1,Loss
1136579,Bengaluru,2018-04-21,League,AB de Villiers,M.Chinnaswamy Stadium,Royal Challengers Bengaluru,field,Royal Challengers Bengaluru,wickets,6,175,20,0,Normal,CB Gaffaney,CK Nandan,2018,1,Delhi Capitals,Royal Challengers Bengaluru,0,1,Loss
1136580,Hyderabad,2018-04-22,League,AT Rayudu,Rajiv Gandhi International Stadium,Sunrisers Hyderabad,field,Chennai Super Kings,runs,4,183,20,0,Normal,AK Chaudhary,VA Kulkarni,2018,0,Chennai Super Kings,Sunrisers Hyderabad,1,0,Win
1136581,Jaipur,2018-04-22,League,JC Archer,Sawai Mansingh Stadium,Mumbai Indians,bat,Rajasthan Royals,wickets,3,168,20,0,Normal,KN Ananthapadmanabhan,RJ Tucker,2018,0,Mumbai Indians,Rajasthan Royals,0,1,Loss
1136582,Delhi,2018-04-23,League,AS Rajpoot,Arun Jaitley Stadium,Delhi Capitals,field,Punjab Kings,runs,4,144,20,0,Normal,A Nand Kishore,CK Nandan,2018,0,Punjab Kings,Delhi Capitals,1,0,Win
1136583,Mumbai,2018-04-24,League,Rashid Khan,Wankhede Stadium,Mumbai Indians,field,Sunrisers Hyderabad,runs,31,119,20,0,Normal,C Shamshuddin,S Ravi,2018,0,Sunrisers Hyderabad,Mumbai Indians,1,0,Win
1136584,Bengaluru,2018-04-25,League,MS Dhoni,M.Chinnaswamy Stadium,Chennai Super Kings,field,Chennai Super Kings,wickets,5,206,20,0,Normal,NJ Llong,VK Sharma,2018,1,Royal Challengers Bengaluru,Chennai Super Kings,0,1,Loss
1136585,Hyderabad,2018-04-26,League,AS Rajpoot,Rajiv Gandhi International Stadium,Punjab Kings,field,Sunrisers Hyderabad,runs,13,133,20,0,Normal,CK Nandan,YC Barde,2018,0,Sunrisers Hyderabad,Punjab Kings,1,0,Win
1136586,Delhi,2018-04-27,League,SS Iyer,Arun Jaitley Stadium,Kolkata Knight Riders,field,Delhi Capitals,runs,55,220,20,0,Normal,C Shamshuddin,S Ravi,2018,0,Delhi Capitals,Kolkata Knight Riders,1,0,Win
1136587,Pune,2018-04-28,League,RG Sharma,Maharashtra Cricket Association Stadium,Mumbai Indians,field,Mumbai Indians,wickets,8,170,20,0,Normal,CB Gaffaney,Nitin Menon,2018,1,Chennai Super Kings,Mumbai Indians,0,1,Loss
1136588,Jaipur,2018-04-29,League,KS Williamson,Sawai Mansingh Stadium,Sunrisers Hyderabad,bat,Sunrisers Hyderabad,runs,11,152,20,0,Normal,BNJ Oxenford,A Nand Kishore,2018,1,Sunrisers Hyderabad,Rajasthan Royals,1,0,Win
1136589,Bengaluru,2018-04-29,League,CA Lynn,M.Chinnaswamy Stadium,Kolkata Knight Riders,field,Kolkata Knight Riders,wickets,6,176,20,0,Normal,AK Chaudhary,NJ Llong,2018,1,Royal Challengers Bengaluru,Kolkata Knight Riders,0,1,Loss
1136590,Pune,2018-04-30,League,SR Watson,Maharashtra Cricket Association Stadium,Delhi Capitals,field,Chennai Super Kings,runs,13,212,20,0,Normal,AY Dandekar,C Shamshuddin,2018,0,Chennai Super Kings,Delhi Capitals,1,0,Win
1136591,Bengaluru,2018-05-01,League,TG Southee,M.Chinnaswamy Stadium,Mumbai Indians,field,Royal Challengers Bengaluru,runs,14,168,20,0,Normal,M Erasmus,Nitin Menon,2018,0,Royal Challengers Bengaluru,Mumbai Indians,1,0,Win
1136592,Delhi,2018-05-02,League,RR Pant,Arun Jaitley Stadium,Rajasthan Royals,field,Delhi Capitals,runs,4,151,12,0,D/L,CK Nandan,VK Sharma,2018,0,Delhi Capitals,Rajasthan Royals,1,0,Win
1136593,Kolkata,2018-05-03,League,SP Narine,Eden Gardens,Kolkata Knight Riders,field,Kolkata Knight Riders,wickets,6,178,20,0,Normal,A Deshmukh,HDPK Dharmasena,2018,1,Chennai Super Kings,Kolkata Knight Riders,0,1,Loss
1136594,Indore,2018-05-04,League,SA Yadav,Holkar Cricket Stadium,Mumbai Indians,field,Mumbai Indians,wickets,6,175,20,0,Normal,AY Dandekar,S Ravi,2018,1,Punjab Kings,Mumbai Indians,0,1,Loss
1136595,Pune,2018-05-05,League,RA Jadeja,Maharashtra Cricket Association Stadium,Chennai Super Kings,field,Chennai Super Kings,wickets,6,128,20,0,Normal,Nitin Menon,YC Barde,2018,1,Royal Challengers Bengaluru,Chennai Super Kings,0,1,Loss
1136596,Hyderabad,2018-05-05,League,Rashid Khan,Rajiv Gandhi International Stadium,Delhi Capitals,bat,Sunrisers Hyderabad,wickets,7,164,20,0,Normal,BNJ Oxenford,CK Nandan,2018,0,Delhi Capitals,Sunrisers Hyderabad,0,1,Loss
1136597,Mumbai,2018-05-06,League,HH Pandya,Wankhede Stadium,Kolkata Knight Riders,field,Mumbai Indians,runs,13,182,20,0,Normal,A Deshmukh,HDPK Dharmasena,2018,0,Mumbai Indians,Kolkata Knight Riders,1,0,Win
1136598,Indore,2018-05-06,League,Mujeeb Ur Rahman,Holkar Cricket Stadium,Punjab Kings,field,Punjab Kings,wickets,6,153,20,0,Normal,C Shamshuddin,S Ravi,2018,1,Rajasthan Royals,Punjab Kings,0,1,Loss
1136599,Hyderabad,2018-05-07,League,KS Williamson,Rajiv Gandhi International Stadium,Royal Challengers Bengaluru,field,Sunrisers Hyderabad,runs,5,147,20,0,Normal,BNJ Oxenford,VK Sharma,2018,0,Sunrisers Hyderabad,Royal Challengers Bengaluru,1,0,Win
1136600,Jaipur,2018-05-08,League,JC Buttler,Sawai Mansingh Stadium,Rajasthan Royals,bat,Rajasthan Royals,runs,15,159,20,0,Normal,M Erasmus,Nitin Menon,2018,1,Rajasthan Royals,Punjab Kings,1,0,Win
1136601,Kolkata,2018-05-09,League,Ishan Kishan,Eden Gardens,Kolkata Knight Riders,field,Mumbai Indians,runs,102,211,20,0,Normal,KN Ananthapadmanabhan,AK Chaudhary,2018,0,Mumbai Indians,Kolkata Knight Riders,1,0,Win
1136602,Delhi,2018-05-10,League,S Dhawan,Arun Jaitley Stadium,Delhi Capitals,bat,Sunrisers Hyderabad,wickets,9,188,20,0,Normal,AY Dandekar,C Shamshuddin,2018,0,Delhi Capitals,Sunrisers Hyderabad,0,1,Loss
1136603,Jaipur,2018-05-11,League,JC Buttler,Sawai Mansingh Stadium,Chennai Super Kings,bat,Rajasthan Royals,wickets,4,177,20,0,Normal,M Erasmus,YC Barde,2018,0,Chennai Super Kings,Rajasthan Royals,0,1,Loss
1136604,Indore,2018-05-12,League,SP Narine,Holkar Cricket Stadium,Punjab Kings,field,Kolkata Knight Riders,runs,31,246,20,0,Normal,CK Nandan,VK Sharma,2018,0,Kolkata Knight Riders,Punjab Kings,1,0,Win
1136605,Delhi,2018-05-12,League,AB de Villiers,Arun Jaitley Stadium,Royal Challengers Bengaluru,field,Royal Challengers Bengaluru,wickets,5,182,20,0,Normal,KN Ananthapadmanabhan,HDPK Dharmasena,2018,1,Delhi Capitals,Royal Challengers Bengaluru,0,1,Loss
1136606,Pune,2018-05-13,League,AT Rayudu,Maharashtra Cricket Association Stadium,Chennai Super Kings,field,Chennai Super Kings,wickets,8,180,20,0,Normal,M Erasmus,YC Barde,2018,1,Sunrisers Hyderabad,Chennai Super Kings,0,1,Loss
1136607,Mumbai,2018-05-13,League,JC Buttler,Wankhede Stadium,Rajasthan Royals,field,Rajasthan Royals,wickets,7,169,20,0,Normal,Nitin Menon,S Ravi,2018,1,Mumbai Indians,Rajasthan Royals,0,1,Loss
1136608,Indore,2018-05-14,League,UT Yadav,Holkar Cricket Stadium,Royal Challengers Bengaluru,field,Royal Challengers Bengaluru,wickets,10,89,20,0,Normal,BNJ Oxenford,VK Sharma,2018,1,Punjab Kings,Royal Challengers Bengaluru,0,1,Loss
1136609,Kolkata,2018-05-15,League,Kuldeep Yadav,Eden Gardens,Kolkata Knight Riders,field,Kolkata Knight Riders,wickets,6,143,20,0,Normal,AK Chaudhary,HDPK Dharmasena,2018,1,Rajasthan Royals,Kolkata Knight Riders,0,1,Loss
1136610,Mumbai,2018-05-16,League,JJ Bumrah,Wankhede Stadium,Punjab Kings,field,Mumbai Indians,runs,3,187,20,0,Normal,M Erasmus,Nitin Menon,2018,0,Mumbai Indians,Punjab Kings,1,0,Win
1136611,Bengaluru,2018-05-17,League,AB de Villiers,M.Chinnaswamy Stadium,Sunrisers Hyderabad,field,Royal Challengers Bengaluru,runs,14,219,20,0,Normal,AY Dandekar,S Ravi,2018,0,Royal Challengers Bengaluru,Sunrisers Hyderabad,1,0,Win
1136612,Delhi,2018-05-18,League,HV Patel,Arun Jaitley Stadium,Chennai Super Kings,field,Delhi Capitals,runs,34,163,20,0,Normal,HDPK Dharmasena,VA Kulkarni,2018,0,Delhi Capitals,Chennai Super Kings,1,0,Win
1136613,Jaipur,2018-05-19,League,S Gopal,Sawai Mansingh Stadium,Rajasthan Royals,bat,Rajasthan Royals,runs,30,165,20,0,Normal,BNJ Oxenford,VK Sharma,2018,1,Rajasthan Royals,Royal Challengers Bengaluru,1,0,Win
1136614,Hyderabad,2018-05-19,League,CA Lynn,Rajiv Gandhi International Stadium,Sunrisers Hyderabad,bat,Kolkata Knight Riders,wickets,5,173,20,0,Normal,AK Chaudhary,S Ravi,2018,0,Sunrisers Hyderabad,Kolkata Knight Riders,0,1,Loss
1136615,Delhi,2018-05-20,League,A Mishra,Arun Jaitley Stadium,Delhi Capitals,bat,Delhi Capitals,runs,11,175,20,0,Normal,HDPK Dharmasena,CK Nandan,2018,1,Delhi Capitals,Mumbai Indians,1,0,Win
1136616,Pune,2018-05-20,League,L Ngidi,Maharashtra Cricket Association Stadium,Chennai Super Kings,field,Chennai Super Kings,wickets,5,154,20,0,Normal,Nitin Menon,YC Barde,2018,1,Punjab Kings,Chennai Super Kings,0,1,Loss
1136617,Mumbai,2018-05-22,Qualifier 1,F du Plessis,Wankhede Stadium,Chennai Super Kings,field,Chennai Super Kings,wickets,2,140,20,0,Normal,C Shamshuddin,M Erasmus,2018,1,Sunrisers Hyderabad,Chennai Super Kings,0,1,Loss
1136618,Kolkata,2018-05-23,Eliminator,AD Russell,Eden Gardens,Rajasthan Royals,field,Kolkata Knight Riders,runs,25,170,20,0,Normal,AK Chaudhary,Nitin Menon,2018,0,Kolkata Knight Riders,Rajasthan Royals,1,0,Win
1136619,Kolkata,2018-05-25,Qualifier 2,Rashid Khan,Eden Gardens,Kolkata Knight Riders,field,Sunrisers Hyderabad,runs,14,175,20,0,Normal,HDPK Dharmasena,Nitin Menon,2018,0,Sunrisers Hyderabad,Kolkata Knight Riders,1,0,Win
1136620,Mumbai,2018-05-27,Final,SR Watson,Wankhede Stadium,Chennai Super Kings,field,Chennai Super Kings,wickets,8,179,20,0,Normal,M Erasmus,S Ravi,2018,1,Sunrisers Hyderabad,Chennai Super Kings,0,1,Loss
1175356,Chennai,2019-03-23,League,Harbhajan Singh,MA Chidambaram Stadium,Chennai Super Kings,field,Chennai Super Kings,wickets,7,71,20,0,Normal,AY Dandekar,BNJ Oxenford,2019,1,Royal Challengers Bengaluru,Chennai Super Kings,0,1,Loss
1175357,Kolkata,2019-03-24,League,AD Russell,Eden Gardens,Kolkata Knight Riders,field,Kolkata Knight Riders,wickets,6,182,20,0,Normal,AK Chaudhary,CB Gaffaney,2019,1,Sunrisers Hyderabad,Kolkata Knight Riders,0,1,Loss
1175358,Mumbai,2019-03-24,League,RR Pant,Wankhede Stadium,Mumbai Indians,field,Delhi Capitals,runs,37,214,20,0,Normal,S Ravi,YC Barde,2019,0,Delhi Capitals,Mumbai Indians,1,0,Win
1175359,Jaipur,2019-03-25,League,CH Gayle,Sawai Mansingh Stadium,Rajasthan Royals,field,Punjab Kings,runs,14,185,20,0,Normal,C Shamshuddin,KN Ananthapadmanabhan,2019,0,Punjab Kings,Rajasthan Royals,1,0,Win
1175360,Delhi,2019-03-26,League,SR Watson,Arun Jaitley Stadium,Delhi Capitals,bat,Chennai Super Kings,wickets,6,148,20,0,Normal,M Erasmus,Nitin Menon,2019,0,Delhi Capitals,Chennai Super Kings,0,1,Loss
1175361,Kolkata,2019-03-27,League,AD Russell,Eden Gardens,Punjab Kings,field,Kolkata Knight Riders,runs,28,219,20,0,Normal,AK Chaudhary,VA Kulkarni,2019,0,Kolkata Knight Riders,Punjab Kings,1,0,Win
1175362,Bengaluru,2019-03-28,League,JJ Bumrah,M.Chinnaswamy Stadium,Royal Challengers Bengaluru,field,Mumbai Indians,runs,6,188,20,0,Normal,CK Nandan,S Ravi,2019,0,Mumbai Indians,Royal Challengers Bengaluru,1,0,Win
1175363,Hyderabad,2019-03-29,League,Rashid Khan,Rajiv Gandhi International Stadium,Rajasthan Royals,bat,Sunrisers Hyderabad,wickets,5,199,20,0,Normal,BNJ Oxenford,C Shamshuddin,2019,0,Rajasthan Royals,Sunrisers Hyderabad,0,1,Loss
1175364,Chandigarh,2019-03-30,League,MA Agarwal,Punjab Cricket Association IS Bindra Stadium,Punjab Kings,field,Punjab Kings,wickets,8,177,20,0,Normal,CB Gaffaney,VA Kulkarni,2019,1,Mumbai Indians,Punjab Kings,0,1,Loss
1175365,Delhi,2019-03-30,League,PP Shaw,Arun Jaitley Stadium,Delhi Capitals,field,Delhi Capitals,tie,0,186,20,1,Normal,AY Dandekar,Nitin Menon,2019,1,Kolkata Knight Riders,Delhi Capitals,0,0,Loss
1175366,Hyderabad,2019-03-31,League,JM Bairstow,Rajiv Gandhi International Stadium,Royal Challengers Bengaluru,field,Sunrisers Hyderabad,runs,118,232,20,0,Normal,KN Ananthapadmanabhan,S Ravi,2019,0,Sunrisers Hyderabad,Royal Challengers Bengaluru,1,0,Win
1175367,Chennai,2019-03-31,League,MS Dhoni,MA Chidambaram Stadium,Rajasthan Royals,field,Chennai Super Kings,runs,8,176,20,0,Normal,CK Nandan,YC Barde,2019,0,Chennai Super Kings,Rajasthan Royals,1,0,Win
1175368,Chandigarh,2019-04-01,League,SM Curran,Punjab Cricket Association IS Bindra Stadium,Delhi Capitals,field,Punjab Kings,runs,14,167,20,0,Normal,AK Chaudhary,CB Gaffaney,2019,0,Punjab Kings,Delhi Capitals,1,0,Win
1175369,Jaipur,2019-04-02,League,S Gopal,Sawai Mansingh Stadium,Rajasthan Royals,field,Rajasthan Royals,wickets,7,159,20,0,Normal,AY Dandekar,M Erasmus,2019,1,Royal Challengers Bengaluru,Rajasthan Royals,0,1,Loss
1175370,Mumbai,2019-04-03,League,HH Pandya,Wankhede Stadium,Chennai Super Kings,field,Mumbai Indians,runs,37,171,20,0,Normal,BNJ Oxenford,RJ Tucker,2019,0,Mumbai Indians,Chennai Super Kings,1,0,Win
1175371,Delhi,2019-04-04,League,JM Bairstow,Arun Jaitley Stadium,Sunrisers Hyderabad,field,Sunrisers Hyderabad,wickets,5,130,20,0,Normal,C Shamshuddin,KN Ananthapadmanabhan,2019,1,Delhi Capitals,Sunrisers Hyderabad,0,1,Loss
1175372,Bengaluru,2019-04-05,League,AD Russell,M.Chinnaswamy Stadium,Kolkata Knight Riders,field,Kolkata Knight Riders,wickets,5,206,20,0,Normal,AK Chaudhary,CB Gaffaney,2019,1,Royal Challengers Bengaluru,Kolkata Knight Riders,0,1,Loss
1178393,Chennai,2019-04-06,League,Harbhajan Singh,MA Chidambaram Stadium,Chennai Super Kings,bat,Chennai Super Kings,runs,22,161,20,0,Normal,KN Ananthapadmanabhan,RJ Tucker,2019,1,Chennai Super Kings,Punjab Kings,1,0,Win
1178394,Hyderabad,2019-04-06,League,AS Joseph,Rajiv Gandhi International Stadium,Sunrisers Hyderabad,field,Mumbai Indians,runs,40,137,20,0,Normal,AY Dandekar,Nitin Menon,2019,0,Mumbai Indians,Sunrisers Hyderabad,1,0,Win
1178395,Bengaluru,2019-04-07,League,K Rabada,M.Chinnaswamy Stadium,Delhi Capitals,field,Delhi Capitals,wickets,4,150,20,0,Normal,S Ravi,YC Barde,2019,1,Royal Challengers Bengaluru,Delhi Capitals,0,1,Loss
1178396,Jaipur,2019-04-07,League,HF Gurney,Sawai Mansingh Stadium,Kolkata Knight Riders,field,Kolkata Knight Riders,wickets,8,140,20,0,Normal,AK Chaudhary,CB Gaffaney,2019,1,Rajasthan Royals,Kolkata Knight Riders,0,1,Loss
1178397,Chandigarh,2019-04-08,League,KL Rahul,Punjab Cricket Association IS Bindra Stadium,Punjab Kings,field,Punjab Kings,wickets,6,151,20,0,Normal,AY Dandekar,M Erasmus,2019,1,Sunrisers Hyderabad,Punjab Kings,0,1,Loss
1178398,Chennai,2019-04-09,League,DL Chahar,MA Chidambaram Stadium,Chennai Super Kings,field,Chennai Super Kings,wickets,7,109,20,0,Normal,C Shamshuddin,RJ Tucker,2019,1,Kolkata Knight Riders,Chennai Super Kings,0,1,Loss
1178399,Mumbai,2019-04-10,League,KA Pollard,Wankhede Stadium,Mumbai Indians,field,Mumbai Indians,wickets,3,198,20,0,Normal,S Ravi,YC Barde,2019,1,Punjab Kings,Mumbai Indians,0,1,Loss
1178400,Jaipur,2019-04-11,League,MS Dhoni,Sawai Mansingh Stadium,Chennai Super Kings,field,Chennai Super Kings,wickets,4,152,20,0,Normal,BNJ Oxenford,UV Gandhe,2019,1,Rajasthan Royals,Chennai Super Kings,0,1,Loss
1178401,Kolkata,2019-04-12,League,S Dhawan,Eden Gardens,Delhi Capitals,field,Delhi Capitals,wickets,7,179,20,0,Normal,CK Nandan,YC Barde,2019,1,Kolkata Knight Riders,Delhi Capitals,0,1,Loss
1178402,Mumbai,2019-04-13,League,JC Buttler,Wankhede Stadium,Rajasthan Royals,field,Rajasthan Royals,wickets,4,188,20,0,Normal,A Nand Kishore,Nitin Menon,2019,1,Mumbai Indians,Rajasthan Royals,0,1,Loss
1178403,Chandigarh,2019-04-13,League,AB de Villiers,Punjab Cricket Association IS Bindra Stadium,Royal Challengers Bengaluru,field,Royal Challengers Bengaluru,wickets,8,174,20,0,Normal,S Ravi,UV Gandhe,2019,1,Punjab Kings,Royal Challengers Bengaluru,0,1,Loss
1178404,Kolkata,2019-04-14,League,Imran Tahir,Eden Gardens,Chennai Super Kings,field,Chennai Super Kings,wickets,5,162,20,0,Normal,CK Nandan,RJ Tucker,2019,1,Kolkata Knight Riders,Chennai Super Kings,0,1,Loss
1178405,Hyderabad,2019-04-14,League,KMA Paul,Rajiv Gandhi International Stadium,Sunrisers Hyderabad,field,Delhi Capitals,runs,39,156,20,0,Normal,AK Chaudhary,BNJ Oxenford,2019,0,Delhi Capitals,Sunrisers Hyderabad,1,0,Win
1178406,Mumbai,2019-04-15,League,SL Malinga,Wankhede Stadium,Mumbai Indians,field,Mumbai Indians,wickets,5,172,20,0,Normal,M Erasmus,Nitin Menon,2019,1,Royal Challengers Bengaluru,Mumbai Indians,0,1,Loss
1178407,Chandigarh,2019-04-16,League,R Ashwin,Punjab Cricket Association IS Bindra Stadium,Rajasthan Royals,field,Punjab Kings,runs,12,183,20,0,Normal,AK Chaudhary,VA Kulkarni,2019,0,Punjab Kings,Rajasthan Royals,1,0,Win
1178408,Hyderabad,2019-04-17,League,DA Warner,Rajiv Gandhi International Stadium,Chennai Super Kings,bat,Sunrisers Hyderabad,wickets,6,133,20,0,Normal,IJ Gould,UV Gandhe,2019,0,Chennai Super Kings,Sunrisers Hyderabad,0,1,Loss
1178409,Delhi,2019-04-18,League,HH Pandya,Arun Jaitley Stadium,Mumbai Indians,bat,Mumbai Indians,runs,40,169,20,0,Normal,BNJ Oxenford,NJ Llong,2019,1,Mumbai Indians,Delhi Capitals,1,0,Win
1178410,Kolkata,2019-04-19,League,V Kohli,Eden Gardens,Kolkata Knight Riders,field,Royal Challengers Bengaluru,runs,10,214,20,0,Normal,IJ Gould,Nitin Menon,2019,0,Royal Challengers Bengaluru,Kolkata Knight Riders,1,0,Win
1178411,Jaipur,2019-04-20,League,SPD Smith,Sawai Mansingh Stadium,Rajasthan Royals,field,Rajasthan Royals,wickets,5,162,20,0,Normal,S Ravi,YC Barde,2019,1,Mumbai Indians,Rajasthan Royals,0,1,Loss
1178412,Delhi,2019-04-20,League,SS Iyer,Arun Jaitley Stadium,Delhi Capitals,field,Delhi Capitals,wickets,5,164,20,0,Normal,C Shamshuddin,UV Gandhe,2019,1,Punjab Kings,Delhi Capitals,0,1,Loss
1178413,Hyderabad,2019-04-21,League,KK Ahmed,Rajiv Gandhi International Stadium,Sunrisers Hyderabad,field,Sunrisers Hyderabad,wickets,9,160,20,0,Normal,NJ Llong,Nitin Menon,2019,1,Kolkata Knight Riders,Sunrisers Hyderabad,0,1,Loss
1178414,Bengaluru,2019-04-21,League,PA Patel,M.Chinnaswamy Stadium,Chennai Super Kings,field,Royal Challengers Bengaluru,runs,1,162,20,0,Normal,RJ Tucker,VA Kulkarni,2019,0,Royal Challengers Bengaluru,Chennai Super Kings,1,0,Win
1178415,Jaipur,2019-04-22,League,RR Pant,Sawai Mansingh Stadium,Delhi Capitals,field,Delhi Capitals,wickets,6,192,20,0,Normal,A Nand Kishore,S Ravi,2019,1,Rajasthan Royals,Delhi Capitals,0,1,Loss
1178416,Chennai,2019-04-23,League,SR Watson,MA Chidambaram Stadium,Chennai Super Kings,field,Chennai Super Kings,wickets,6,176,20,0,Normal,AK Chaudhary,NJ Llong,2019,1,Sunrisers Hyderabad,Chennai Super Kings,0,1,Loss
1178417,Bengaluru,2019-04-24,League,AB de Villiers,M.Chinnaswamy Stadium,Punjab Kings,field,Royal Challengers Bengaluru,runs,17,203,20,0,Normal,BNJ Oxenford,C Shamshuddin,2019,0,Royal Challengers Bengaluru,Punjab Kings,1,0,Win
1178418,Kolkata,2019-04-25,League,VR Aaron,Eden Gardens,Rajasthan Royals,field,Rajasthan Royals,wickets,3,176,20,0,Normal,AY Dandekar,IJ Gould,2019,1,Kolkata Knight Riders,Rajasthan Royals,0,1,Loss
1178419,Chennai,2019-04-26,League,RG Sharma,MA Chidambaram Stadium,Chennai Super Kings,field,Mumbai Indians,runs,46,156,20,0,Normal,AK Chaudhary,NJ Llong,2019,0,Mumbai Indians,Chennai Super Kings,1,0,Win
1178420,Jaipur,2019-04-27,League,JD Unadkat,Sawai Mansingh Stadium,Rajasthan Royals,field,Rajasthan Royals,wickets,7,161,20,0,Normal,A Nand Kishore,YC Barde,2019,1,Sunrisers Hyderabad,Rajasthan Royals,0,1,Loss
1178421,Delhi,2019-04-28,League,S Dhawan,Arun Jaitley Stadium,Delhi Capitals,bat,Delhi Capitals,runs,16,188,20,0,Normal,BNJ Oxenford,KN Ananthapadmanabhan,2019,1,Delhi Capitals,Royal Challengers Bengaluru,1,0,Win
1178422,Kolkata,2019-04-28,League,AD Russell,Eden Gardens,Mumbai Indians,field,Kolkata Knight Riders,runs,34,233,20,0,Normal,IJ Gould,Nitin Menon,2019,0,Kolkata Knight Riders,Mumbai Indians,1,0,Win
1178423,Hyderabad,2019-04-29,League,DA Warner,Rajiv Gandhi International Stadium,Punjab Kings,field,Sunrisers Hyderabad,runs,45,213,20,0,Normal,CK Nandan,S Ravi,2019,0,Sunrisers Hyderabad,Punjab Kings,1,0,Win
1178424,Bengaluru,2019-04-30,League,No Award,M.Chinnaswamy Stadium,Rajasthan Royals,field,No Result,no result,0,63,5,0,Normal,NJ Llong,UV Gandhe,2019,0,Royal Challengers Bengaluru,Rajasthan Royals,0,0,No Result
1178425,Chennai,2019-05-01,League,MS Dhoni,MA Chidambaram Stadium,Delhi Capitals,field,Chennai Super Kings,runs,80,180,20,0,Normal,AY Dandekar,Nitin Menon,2019,0,Chennai Super Kings,Delhi Capitals,1,0,Win
1178426,Mumbai,2019-05-02,League,JJ Bumrah,Wankhede Stadium,Mumbai Indians,bat,Mumbai Indians,tie,0,163,20,1,Normal,CK Nandan,S Ravi,2019,1,Mumbai Indians,Sunrisers Hyderabad,0,0,Win
1178427,Chandigarh,2019-05-03,League,Shubman Gill,Punjab Cricket Association IS Bindra Stadium,Kolkata Knight Riders,field,Kolkata Knight Riders,wickets,7,184,20,0,Normal,BNJ Oxenford,C Shamshuddin,2019,1,Punjab Kings,Kolkata Knight Riders,0,1,Loss
1178428,Delhi,2019-05-04,League,A Mishra,Arun Jaitley Stadium,Rajasthan Royals,bat,Delhi Capitals,wickets,5,116,20,0,Normal,AY Dandekar,IJ Gould,2019,0,Rajasthan Royals,Delhi Capitals,0,1,Loss
1178429,Bengaluru,2019-05-04,League,SO Hetmyer,M.Chinnaswamy Stadium,Royal Challengers Bengaluru,field,Royal Challengers Bengaluru,wickets,4,176,20,0,Normal,AK Chaudhary,NJ Llong,2019,1,Sunrisers Hyderabad,Royal Challengers Bengaluru,0,1,Loss
1178430,Chandigarh,2019-05-05,League,KL Rahul,Punjab Cricket Association IS Bindra Stadium,Punjab Kings,field,Punjab Kings,wickets,6,171,20,0,Normal,C Shamshuddin,KN Ananthapadmanabhan,2019,1,Chennai Super Kings,Punjab Kings,0,1,Loss
1178431,Mumbai,2019-05-05,League,HH Pandya,Wankhede Stadium,Mumbai Indians,field,Mumbai Indians,wickets,9,134,20,0,Normal,A Nand Kishore,CK Nandan,2019,1,Kolkata Knight Riders,Mumbai Indians,0,1,Loss
1181764,Chennai,2019-05-07,Qualifier 1,SA Yadav,MA Chidambaram Stadium,Chennai Super Kings,bat,Mumbai Indians,wickets,6,132,20,0,Normal,NJ Llong,Nitin Menon,2019,0,Chennai Super Kings,Mumbai Indians,0,1,Loss
1181766,Visakhapatnam,2019-05-08,Eliminator,RR Pant,Dr. Y.S. Rajasekhara Reddy ACA-VDCA Cricket Stadium,Delhi Capitals,field,Delhi Capitals,wickets,2,163,20,0,Normal,BNJ Oxenford,S Ravi,2019,1,Sunrisers Hyderabad,Delhi Capitals,0,1,Loss
1181767,Visakhapatnam,2019-05-10,Qualifier 2,F du Plessis,Dr. Y.S. Rajasekhara Reddy ACA-VDCA Cricket Stadium,Chennai Super Kings,field,Chennai Super Kings,wickets,6,148,20,0,Normal,BNJ Oxenford,S Ravi,2019,1,Delhi Capitals,Chennai Super Kings,0,1,Loss
1181768,Hyderabad,2019-05-12,Final,JJ Bumrah,Rajiv Gandhi International Stadium,Mumbai Indians,bat,Mumbai Indians,runs,1,150,20,0,Normal,IJ Gould,Nitin Menon,2019,1,Mumbai Indians,Chennai Super Kings,1,0,Win
1216492,Abu Dhabi,2020-09-19,League,AT Rayudu,Sheikh Zayed Stadium,Chennai Super Kings,field,Chennai Super Kings,wickets,5,163,20,0,Normal,CB Gaffaney,VK Sharma,2020,1,Mumbai Indians,Chennai Super Kings,0,1,Loss
1216493,Unknown,2020-09-20,League,MP Stoinis,Dubai International Cricket Stadium,Punjab Kings,field,Delhi Capitals,tie,0,158,20,1,Normal,AK Chaudhary,Nitin Menon,2020,0,Delhi Capitals,Punjab Kings,0,0,Win
1216534,Unknown,2020-09-21,League,YS Chahal,Dubai International Cricket Stadium,Sunrisers Hyderabad,field,Royal Challengers Bengaluru,runs,10,164,20,0,Normal,AY Dandekar,Nitin Menon,2020,0,Royal Challengers Bengaluru,Sunrisers Hyderabad,1,0,Win
1216496,Unknown,2020-09-22,League,SV Samson,Sharjah Cricket Stadium,Chennai Super Kings,field,Rajasthan Royals,runs,16,217,20,0,Normal,C Shamshuddin,VA Kulkarni,2020,0,Rajasthan Royals,Chennai Super Kings,1,0,Win
1216508,Abu Dhabi,2020-09-23,League,RG Sharma,Sheikh Zayed Stadium,Kolkata Knight Riders,field,Mumbai Indians,runs,49,196,20,0,Normal,CB Gaffaney,S Ravi,2020,0,Mumbai Indians,Kolkata Knight Riders,1,0,Win
1216510,Unknown,2020-09-24,League,KL Rahul,Dubai International Cricket Stadium,Royal Challengers Bengaluru,field,Punjab Kings,runs,97,207,20,0,Normal,AK Chaudhary,PR Reiffel,2020,0,Punjab Kings,Royal Challengers Bengaluru,1,0,Win
1216539,Unknown,2020-09-25,League,PP Shaw,Dubai International Cricket Stadium,Chennai Super Kings,field,Delhi Capitals,runs,44,176,20,0,Normal,KN Ananthapadmanabhan,RK Illingworth,2020,0,Delhi Capitals,Chennai Super Kings,1,0,Win
1216545,Abu Dhabi,2020-09-26,League,Shubman Gill,Sheikh Zayed Stadium,Sunrisers Hyderabad,bat,Kolkata Knight Riders,wickets,7,143,20,0,Normal,CB Gaffaney,VK Sharma,2020,0,Sunrisers Hyderabad,Kolkata Knight Riders,0,1,Loss
1216527,Unknown,2020-09-27,League,SV Samson,Sharjah Cricket Stadium,Rajasthan Royals,field,Rajasthan Royals,wickets,4,224,20,0,Normal,RK Illingworth,K Srinivasan,2020,1,Punjab Kings,Rajasthan Royals,0,1,Loss
1216547,Unknown,2020-09-28,League,AB de Villiers,Dubai International Cricket Stadium,Mumbai Indians,field,Royal Challengers Bengaluru,tie,0,202,20,1,Normal,Nitin Menon,PR Reiffel,2020,0,Royal Challengers Bengaluru,Mumbai Indians,0,0,Win
1216532,Abu Dhabi,2020-09-29,League,Rashid Khan,Sheikh Zayed Stadium,Delhi Capitals,field,Sunrisers Hyderabad,runs,15,163,20,0,Normal,VK Sharma,S Ravi,2020,0,Sunrisers Hyderabad,Delhi Capitals,1,0,Win
1216504,Unknown,2020-09-30,League,Shivam Mavi,Dubai International Cricket Stadium,Rajasthan Royals,field,Kolkata Knight Riders,runs,37,175,20,0,Normal,KN Ananthapadmanabhan,C Shamshuddin,2020,0,Kolkata Knight Riders,Rajasthan Royals,1,0,Win
1216503,Abu Dhabi,2020-10-01,League,KA Pollard,Sheikh Zayed Stadium,Punjab Kings,field,Mumbai Indians,runs,48,192,20,0,Normal,VK Sharma,S Ravi,2020,0,Mumbai Indians,Punjab Kings,1,0,Win
1216516,Unknown,2020-10-02,League,PK Garg,Dubai International Cricket Stadium,Sunrisers Hyderabad,bat,Sunrisers Hyderabad,runs,7,165,20,0,Normal,AK Chaudhary,PR Reiffel,2020,1,Sunrisers Hyderabad,Chennai Super Kings,1,0,Win
1216514,Abu Dhabi,2020-10-03,League,YS Chahal,Sheikh Zayed Stadium,Rajasthan Royals,bat,Royal Challengers Bengaluru,wickets,8,155,20,0,Normal,CB Gaffaney,S Ravi,2020,0,Rajasthan Royals,Royal Challengers Bengaluru,0,1,Loss
1216515,Unknown,2020-10-03,League,SS Iyer,Sharjah Cricket Stadium,Kolkata Knight Riders,field,Delhi Capitals,runs,18,229,20,0,Normal,VA Kulkarni,RK Illingworth,2020,0,Delhi Capitals,Kolkata Knight Riders,1,0,Win
1216513,Unknown,2020-10-04,League,SR Watson,Dubai International Cricket Stadium,Punjab Kings,bat,Chennai Super Kings,wickets,10,179,20,0,Normal,AY Dandekar,Nitin Menon,2020,0,Punjab Kings,Chennai Super Kings,0,1,Loss
1216538,Unknown,2020-10-04,League,TA Boult,Sharjah Cricket Stadium,Mumbai Indians,bat,Mumbai Indians,runs,34,209,20,0,Normal,KN Ananthapadmanabhan,RK Illingworth,2020,1,Mumbai Indians,Sunrisers Hyderabad,1,0,Win
1216519,Unknown,2020-10-05,League,AR Patel,Dubai International Cricket Stadium,Royal Challengers Bengaluru,field,Delhi Capitals,runs,59,197,20,0,Normal,Nitin Menon,YC Barde,2020,0,Delhi Capitals,Royal Challengers Bengaluru,1,0,Win
1216511,Abu Dhabi,2020-10-06,League,SA Yadav,Sheikh Zayed Stadium,Mumbai Indians,bat,Mumbai Indians,runs,57,194,20,0,Normal,VK Sharma,S Ravi,2020,1,Mumbai Indians,Rajasthan Royals,1,0,Win
1216501,Abu Dhabi,2020-10-07,League,RA Tripathi,Sheikh Zayed Stadium,Kolkata Knight Riders,bat,Kolkata Knight Riders,runs,10,168,20,0,Normal,KN Ananthapadmanabhan,RK Illingworth,2020,1,Kolkata Knight Riders,Chennai Super Kings,1,0,Win
1216542,Unknown,2020-10-08,League,JM Bairstow,Dubai International Cricket Stadium,Sunrisers Hyderabad,bat,Sunrisers Hyderabad,runs,69,202,20,0,Normal,AK Chaudhary,Nitin Menon,2020,1,Sunrisers Hyderabad,Punjab Kings,1,0,Win
1216500,Unknown,2020-10-09,League,R Ashwin,Sharjah Cricket Stadium,Rajasthan Royals,field,Delhi Capitals,runs,46,185,20,0,Normal,KN Ananthapadmanabhan,C Shamshuddin,2020,0,Delhi Capitals,Rajasthan Royals,1,0,Win
1216523,Abu Dhabi,2020-10-10,League,KD Karthik,Sheikh Zayed Stadium,Kolkata Knight Riders,bat,Kolkata Knight Riders,runs,2,165,20,0,Normal,UV Gandhe,CB Gaffaney,2020,1,Kolkata Knight Riders,Punjab Kings,1,0,Win
1216525,Unknown,2020-10-10,League,V Kohli,Dubai International Cricket Stadium,Royal Challengers Bengaluru,bat,Royal Challengers Bengaluru,runs,37,170,20,0,Normal,AK Chaudhary,PR Reiffel,2020,1,Royal Challengers Bengaluru,Chennai Super Kings,1,0,Win
1216507,Unknown,2020-10-11,League,R Tewatia,Dubai International Cricket Stadium,Sunrisers Hyderabad,bat,Rajasthan Royals,wickets,5,159,20,0,Normal,YC Barde,PR Reiffel,2020,0,Sunrisers Hyderabad,Rajasthan Royals,0,1,Loss
1216529,Abu Dhabi,2020-10-11,League,Q de Kock,Sheikh Zayed Stadium,Delhi Capitals,bat,Mumbai Indians,wickets,5,163,20,0,Normal,CB Gaffaney,S Ravi,2020,0,Delhi Capitals,Mumbai Indians,0,1,Loss
1216540,Unknown,2020-10-12,League,AB de Villiers,Sharjah Cricket Stadium,Royal Challengers Bengaluru,bat,Royal Challengers Bengaluru,runs,82,195,20,0,Normal,RK Illingworth,K Srinivasan,2020,1,Royal Challengers Bengaluru,Kolkata Knight Riders,1,0,Win
1216528,Unknown,2020-10-13,League,RA Jadeja,Dubai International Cricket Stadium,Chennai Super Kings,bat,Chennai Super Kings,runs,20,168,20,0,Normal,AK Chaudhary,PR Reiffel,2020,1,Chennai Super Kings,Sunrisers Hyderabad,1,0,Win
1216543,Unknown,2020-10-14,League,A Nortje,Dubai International Cricket Stadium,Delhi Capitals,bat,Delhi Capitals,runs,13,162,20,0,Normal,AK Chaudhary,Nitin Menon,2020,1,Delhi Capitals,Rajasthan Royals,1,0,Win
1216531,Unknown,2020-10-15,League,KL Rahul,Sharjah Cricket Stadium,Royal Challengers Bengaluru,bat,Punjab Kings,wickets,8,172,20,0,Normal,KN Ananthapadmanabhan,C Shamshuddin,2020,0,Royal Challengers Bengaluru,Punjab Kings,0,1,Loss
1216526,Abu Dhabi,2020-10-16,League,Q de Kock,Sheikh Zayed Stadium,Kolkata Knight Riders,bat,Mumbai Indians,wickets,8,149,20,0,Normal,CB Gaffaney,VK Sharma,2020,0,Kolkata Knight Riders,Mumbai Indians,0,1,Loss
1216509,Unknown,2020-10-17,League,S Dhawan,Sharjah Cricket Stadium,Chennai Super Kings,bat,Delhi Capitals,wickets,5,180,20,0,Normal,KN Ananthapadmanabhan,RK Illingworth,2020,0,Chennai Super Kings,Delhi Capitals,0,1,Loss
1216522,Unknown,2020-10-17,League,AB de Villiers,Dubai International Cricket Stadium,Rajasthan Royals,bat,Royal Challengers Bengaluru,wickets,7,178,20,0,Normal,AK Chaudhary,Nitin Menon,2020,0,Rajasthan Royals,Royal Challengers Bengaluru,0,1,Loss
1216512,Abu Dhabi,2020-10-18,League,LH Ferguson,Sheikh Zayed Stadium,Sunrisers Hyderabad,field,Kolkata Knight Riders,tie,0,164,20,1,Normal,PG Pathak,S Ravi,2020,0,Kolkata Knight Riders,Sunrisers Hyderabad,0,0,Win
1216517,Unknown,2020-10-18,League,KL Rahul,Dubai International Cricket Stadium,Mumbai Indians,bat,Punjab Kings,tie,0,177,20,1,Normal,Nitin Menon,PR Reiffel,2020,0,Mumbai Indians,Punjab Kings,0,0,Loss
1216533,Abu Dhabi,2020-10-19,League,JC Buttler,Sheikh Zayed Stadium,Chennai Super Kings,bat,Rajasthan Royals,wickets,7,126,20,0,Normal,CB Gaffaney,VK Sharma,2020,0,Chennai Super Kings,Rajasthan Royals,0,1,Loss
1216546,Unknown,2020-10-20,League,S Dhawan,Dubai International Cricket Stadium,Delhi Capitals,bat,Punjab Kings,wickets,5,165,20,0,Normal,C Shamshuddin,RK Illingworth,2020,0,Delhi Capitals,Punjab Kings,0,1,Loss
1216494,Abu Dhabi,2020-10-21,League,Mohammed Siraj,Sheikh Zayed Stadium,Kolkata Knight Riders,bat,Royal Challengers Bengaluru,wickets,8,85,20,0,Normal,VK Sharma,S Ravi,2020,0,Kolkata Knight Riders,Royal Challengers Bengaluru,0,1,Loss
1216518,Unknown,2020-10-22,League,MK Pandey,Dubai International Cricket Stadium,Sunrisers Hyderabad,field,Sunrisers Hyderabad,wickets,8,155,20,0,Normal,Nitin Menon,PR Reiffel,2020,1,Rajasthan Royals,Sunrisers Hyderabad,0,1,Loss
1216521,Unknown,2020-10-23,League,TA Boult,Sharjah Cricket Stadium,Mumbai Indians,field,Mumbai Indians,wickets,10,115,20,0,Normal,C Shamshuddin,VA Kulkarni,2020,1,Chennai Super Kings,Mumbai Indians,0,1,Loss
1216497,Abu Dhabi,2020-10-24,League,CV Varun,Sheikh Zayed Stadium,Delhi Capitals,field,Kolkata Knight Riders,runs,59,195,20,0,Normal,CB Gaffaney,PG Pathak,2020,0,Kolkata Knight Riders,Delhi Capitals,1,0,Win
1216498,Unknown,2020-10-24,League,CJ Jordan,Dubai International Cricket Stadium,Sunrisers Hyderabad,field,Punjab Kings,runs,12,127,20,0,Normal,AY Dandekar,PR Reiffel,2020,0,Punjab Kings,Sunrisers Hyderabad,1,0,Win
1216541,Abu Dhabi,2020-10-25,League,BA Stokes,Sheikh Zayed Stadium,Mumbai Indians,bat,Rajasthan Royals,wickets,8,196,20,0,Normal,UV Gandhe,VK Sharma,2020,0,Mumbai Indians,Rajasthan Royals,0,1,Loss
1216544,Unknown,2020-10-25,League,RD Gaikwad,Dubai International Cricket Stadium,Royal Challengers Bengaluru,bat,Chennai Super Kings,wickets,8,146,20,0,Normal,C Shamshuddin,RK Illingworth,2020,0,Royal Challengers Bengaluru,Chennai Super Kings,0,1,Loss
1216520,Unknown,2020-10-26,League,CH Gayle,Sharjah Cricket Stadium,Punjab Kings,field,Punjab Kings,wickets,8,150,20,0,Normal,KN Ananthapadmanabhan,RK Illingworth,2020,1,Kolkata Knight Riders,Punjab Kings,0,1,Loss
1216524,Unknown,2020-10-27,League,WP Saha,Dubai International Cricket Stadium,Delhi Capitals,field,Sunrisers Hyderabad,runs,88,220,20,0,Normal,AK Chaudhary,Nitin Menon,2020,0,Sunrisers Hyderabad,Delhi Capitals,1,0,Win
1216499,Abu Dhabi,2020-10-28,League,SA Yadav,Sheikh Zayed Stadium,Mumbai Indians,field,Mumbai Indians,wickets,5,165,20,0,Normal,UV Gandhe,CB Gaffaney,2020,1,Royal Challengers Bengaluru,Mumbai Indians,0,1,Loss
1216536,Unknown,2020-10-29,League,RD Gaikwad,Dubai International Cricket Stadium,Chennai Super Kings,field,Chennai Super Kings,wickets,6,173,20,0,Normal,C Shamshuddin,RK Illingworth,2020,1,Kolkata Knight Riders,Chennai Super Kings,0,1,Loss
1216537,Abu Dhabi,2020-10-30,League,BA Stokes,Sheikh Zayed Stadium,Rajasthan Royals,field,Rajasthan Royals,wickets,7,186,20,0,Normal,CB Gaffaney,S Ravi,2020,1,Punjab Kings,Rajasthan Royals,0,1,Loss
1216502,Unknown,2020-10-31,League,Sandeep Sharma,Sharjah Cricket Stadium,Sunrisers Hyderabad,field,Sunrisers Hyderabad,wickets,5,121,20,0,Normal,KN Ananthapadmanabhan,K Srinivasan,2020,1,Royal Challengers Bengaluru,Sunrisers Hyderabad,0,1,Loss
1216535,Unknown,2020-10-31,League,Ishan Kishan,Dubai International Cricket Stadium,Mumbai Indians,field,Mumbai Indians,wickets,9,111,20,0,Normal,YC Barde,PR Reiffel,2020,1,Delhi Capitals,Mumbai Indians,0,1,Loss
1216506,Abu Dhabi,2020-11-01,League,RD Gaikwad,Sheikh Zayed Stadium,Chennai Super Kings,field,Chennai Super Kings,wickets,9,154,20,0,Normal,PG Pathak,VK Sharma,2020,1,Punjab Kings,Chennai Super Kings,0,1,Loss
1216530,Unknown,2020-11-01,League,PJ Cummins,Dubai International Cricket Stadium,Rajasthan Royals,field,Kolkata Knight Riders,runs,60,192,20,0,Normal,Nitin Menon,PR Reiffel,2020,0,Kolkata Knight Riders,Rajasthan Royals,1,0,Win
1216505,Abu Dhabi,2020-11-02,League,A Nortje,Sheikh Zayed Stadium,Delhi Capitals,field,Delhi Capitals,wickets,6,153,20,0,Normal,CB Gaffaney,S Ravi,2020,1,Royal Challengers Bengaluru,Delhi Capitals,0,1,Loss
1216495,Unknown,2020-11-03,League,S Nadeem,Sharjah Cricket Stadium,Sunrisers Hyderabad,field,Sunrisers Hyderabad,wickets,10,150,20,0,Normal,C Shamshuddin,RK Illingworth,2020,1,Mumbai Indians,Sunrisers Hyderabad,0,1,Loss
1237177,Unknown,2020-11-05,Qualifier 1,JJ Bumrah,Dubai International Cricket Stadium,Delhi Capitals,field,Mumbai Indians,runs,57,201,20,0,Normal,CB Gaffaney,Nitin Menon,2020,0,Mumbai Indians,Delhi Capitals,1,0,Win
1237178,Abu Dhabi,2020-11-06,Eliminator,KS Williamson,Sheikh Zayed Stadium,Sunrisers Hyderabad,field,Sunrisers Hyderabad,wickets,6,132,20,0,Normal,PR Reiffel,S Ravi,2020,1,Royal Challengers Bengaluru,Sunrisers Hyderabad,0,1,Loss
1237180,Abu Dhabi,2020-11-08,Qualifier 2,MP Stoinis,Sheikh Zayed Stadium,Delhi Capitals,bat,Delhi Capitals,runs,17,190,20,0,Normal,PR Reiffel,S Ravi,2020,1,Delhi Capitals,Sunrisers Hyderabad,1,0,Win
1237181,Unknown,2020-11-10,Final,TA Boult,Dubai International Cricket Stadium,Delhi Capitals,bat,Mumbai Indians,wickets,5,157,20,0,Normal,CB Gaffaney,Nitin Menon,2020,0,Delhi Capitals,Mumbai Indians,0,1,Loss
1254058,Chennai,2021-04-09,League,HV Patel,"MA Chidambaram Stadium, Chepauk, Chennai",Royal Challengers Bengaluru,field,Royal Challengers Bengaluru,wickets,2,160,20,0,Normal,KN Ananthapadmanabhan,Nitin Menon,2021,1,Mumbai Indians,Royal Challengers Bengaluru,0,1,Loss
1254059,Mumbai,2021-04-10,League,S Dhawan,"Wankhede Stadium, Mumbai",Delhi Capitals,field,Delhi Capitals,wickets,7,189,20,0,Normal,AK Chaudhary,VK Sharma,2021,1,Chennai Super Kings,Delhi Capitals,0,1,Loss
1254060,Chennai,2021-04-11,League,N Rana,"MA Chidambaram Stadium, Chepauk, Chennai",Sunrisers Hyderabad,field,Kolkata Knight Riders,runs,10,188,20,0,Normal,KN Ananthapadmanabhan,Nitin Menon,2021,0,Kolkata Knight Riders,Sunrisers Hyderabad,1,0,Win
1254061,Mumbai,2021-04-12,League,SV Samson,"Wankhede Stadium, Mumbai",Rajasthan Royals,field,Punjab Kings,runs,4,222,20,0,Normal,AK Chaudhary,S Ravi,2021,0,Punjab Kings,Rajasthan Royals,1,0,Win
1254062,Chennai,2021-04-13,League,RD Chahar,"MA Chidambaram Stadium, Chepauk, Chennai",Kolkata Knight Riders,field,Mumbai Indians,runs,10,153,20,0,Normal,C Shamshuddin,CB Gaffaney,2021,0,Mumbai Indians,Kolkata Knight Riders,1,0,Win
1254063,Chennai,2021-04-14,League,GJ Maxwell,"MA Chidambaram Stadium, Chepauk, Chennai",Sunrisers Hyderabad,field,Royal Challengers Bengaluru,runs,6,150,20,0,Normal,Nitin Menon,UV Gandhe,2021,0,Royal Challengers Bengaluru,Sunrisers Hyderabad,1,0,Win
1254064,Mumbai,2021-04-15,League,JD Unadkat,"Wankhede Stadium, Mumbai",Rajasthan Royals,field,Rajasthan Royals,wickets,3,148,20,0,Normal,S Ravi,VK Sharma,2021,1,Delhi Capitals,Rajasthan Royals,0,1,Loss
1254065,Mumbai,2021-04-16,League,DL Chahar,"Wankhede Stadium, Mumbai",Chennai Super Kings,field,Chennai Super Kings,wickets,6,107,20,0,Normal,AK Chaudhary,AY Dandekar,2021,1,Punjab Kings,Chennai Super Kings,0,1,Loss
1254066,Chennai,2021-04-17,League,KA Pollard,"MA Chidambaram Stadium, Chepauk, Chennai",Mumbai Indians,bat,Mumbai Indians,runs,13,151,20,0,Normal,CB Gaffaney,K Srinivasan,2021,1,Mumbai Indians,Sunrisers Hyderabad,1,0,Win
1254067,Chennai,2021-04-18,League,AB de Villiers,"MA Chidambaram Stadium, Chepauk, Chennai",Royal Challengers Bengaluru,bat,Royal Challengers Bengaluru,runs,38,205,20,0,Normal,C Shamshuddin,Nitin Menon,2021,1,Royal Challengers Bengaluru,Kolkata Knight Riders,1,0,Win
1254068,Mumbai,2021-04-18,League,S Dhawan,"Wankhede Stadium, Mumbai",Delhi Capitals,field,Delhi Capitals,wickets,6,196,20,0,Normal,AK Chaudhary,PR Reiffel,2021,1,Punjab Kings,Delhi Capitals,0,1,Loss
1254069,Mumbai,2021-04-19,League,MM Ali,"Wankhede Stadium, Mumbai",Rajasthan Royals,field,Chennai Super Kings,runs,45,189,20,0,Normal,PR Reiffel,VK Sharma,2021,0,Chennai Super Kings,Rajasthan Royals,1,0,Win
1254070,Chennai,2021-04-20,League,A Mishra,"MA Chidambaram Stadium, Chepauk, Chennai",Mumbai Indians,bat,Delhi Capitals,wickets,6,138,20,0,Normal,C Shamshuddin,CB Gaffaney,2021,0,Mumbai Indians,Delhi Capitals,0,1,Loss
1254071,Chennai,2021-04-21,League,JM Bairstow,"MA Chidambaram Stadium, Chepauk, Chennai",Punjab Kings,bat,Sunrisers Hyderabad,wickets,9,121,20,0,Normal,K Srinivasan,Nitin Menon,2021,0,Punjab Kings,Sunrisers Hyderabad,0,1,Loss
1254072,Mumbai,2021-04-21,League,F du Plessis,"Wankhede Stadium, Mumbai",Kolkata Knight Riders,field,Chennai Super Kings,runs,18,221,20,0,Normal,AY Dandekar,PR Reiffel,2021,0,Chennai Super Kings,Kolkata Knight Riders,1,0,Win
1254073,Mumbai,2021-04-22,League,D Padikkal,"Wankhede Stadium, Mumbai",Royal Challengers Bengaluru,field,Royal Challengers Bengaluru,wickets,10,178,20,0,Normal,J Madanagopal,S Ravi,2021,1,Rajasthan Royals,Royal Challengers Bengaluru,0,1,Loss
1254074,Chennai,2021-04-23,League,KL Rahul,"MA Chidambaram Stadium, Chepauk, Chennai",Punjab Kings,field,Punjab Kings,wickets,9,132,20,0,Normal,C Shamshuddin,Nitin Menon,2021,1,Mumbai Indians,Punjab Kings,0,1,Loss
1254075,Mumbai,2021-04-24,League,CH Morris,"Wankhede Stadium, Mumbai",Rajasthan Royals,field,Rajasthan Royals,wickets,6,134,20,0,Normal,Navdeep Singh,S Ravi,2021,1,Kolkata Knight Riders,Rajasthan Royals,0,1,Loss
1254076,Mumbai,2021-04-25,League,RA Jadeja,"Wankhede Stadium, Mumbai",Chennai Super Kings,bat,Chennai Super Kings,runs,69,192,20,0,Normal,AK Chaudhary,VK Sharma,2021,1,Chennai Super Kings,Royal Challengers Bengaluru,1,0,Win
1254077,Chennai,2021-04-25,League,PP Shaw,"MA Chidambaram Stadium, Chepauk, Chennai",Delhi Capitals,bat,Delhi Capitals,tie,0,160,20,1,Normal,CB Gaffaney,KN Ananthapadmanabhan,2021,1,Delhi Capitals,Sunrisers Hyderabad,0,0,Win
1254078,Ahmedabad,2021-04-26,League,EJG Morgan,"Narendra Modi Stadium, Ahmedabad",Kolkata Knight Riders,field,Kolkata Knight Riders,wickets,5,124,20,0,Normal,PR Reiffel,YC Barde,2021,1,Punjab Kings,Kolkata Knight Riders,0,1,Loss
1254079,Ahmedabad,2021-04-27,League,AB de Villiers,"Narendra Modi Stadium, Ahmedabad",Delhi Capitals,field,Royal Challengers Bengaluru,runs,1,172,20,0,Normal,S Ravi,VK Sharma,2021,0,Royal Challengers Bengaluru,Delhi Capitals,1,0,Win
1254080,Delhi,2021-04-28,League,RD Gaikwad,"Arun Jaitley Stadium, Delhi",Sunrisers Hyderabad,bat,Chennai Super Kings,wickets,7,172,20,0,Normal,C Shamshuddin,CK Nandan,2021,0,Sunrisers Hyderabad,Chennai Super Kings,0,1,Loss
1254081,Delhi,2021-04-29,League,Q de Kock,"Arun Jaitley Stadium, Delhi",Mumbai Indians,field,Mumbai Indians,wickets,7,172,20,0,Normal,CB Gaffaney,KN Ananthapadmanabhan,2021,1,Rajasthan Royals,Mumbai Indians,0,1,Loss
1254082,Ahmedabad,2021-04-29,League,PP Shaw,"Narendra Modi Stadium, Ahmedabad",Delhi Capitals,field,Delhi Capitals,wickets,7,155,20,0,Normal,AK Chaudhary,YC Barde,2021,1,Kolkata Knight Riders,Delhi Capitals,0,1,Loss
1254083,Ahmedabad,2021-04-30,League,Harpreet Brar,"Narendra Modi Stadium, Ahmedabad",Royal Challengers Bengaluru,field,Punjab Kings,runs,34,180,20,0,Normal,S Ravi,VK Sharma,2021,0,Punjab Kings,Royal Challengers Bengaluru,1,0,Win
1254084,Delhi,2021-05-01,League,KA Pollard,"Arun Jaitley Stadium, Delhi",Mumbai Indians,field,Mumbai Indians,wickets,4,219,20,0,Normal,KN Ananthapadmanabhan,CK Nandan,2021,1,Chennai Super Kings,Mumbai Indians,0,1,Loss
1254085,Delhi,2021-05-02,League,JC Buttler,"Arun Jaitley Stadium, Delhi",Sunrisers Hyderabad,field,Rajasthan Royals,runs,55,221,20,0,Normal,C Shamshuddin,CB Gaffaney,2021,0,Rajasthan Royals,Sunrisers Hyderabad,1,0,Win
1254086,Ahmedabad,2021-05-02,League,MA Agarwal,"Narendra Modi Stadium, Ahmedabad",Delhi Capitals,field,Delhi Capitals,wickets,7,167,20,0,Normal,AK Chaudhary,AY Dandekar,2021,1,Punjab Kings,Delhi Capitals,0,1,Loss
1254104,Dubai,2021-09-19,League,RD Gaikwad,Dubai International Cricket Stadium,Chennai Super Kings,bat,Chennai Super Kings,runs,20,157,20,0,Normal,Nitin Menon,RK Illingworth,2021,1,Chennai Super Kings,Mumbai Indians,1,0,Win
1254087,Abu Dhabi,2021-09-20,League,CV Varun,"Zayed Cricket Stadium, Abu Dhabi",Royal Challengers Bengaluru,bat,Kolkata Knight Riders,wickets,9,93,20,0,Normal,CB Gaffaney,S Ravi,2021,0,Royal Challengers Bengaluru,Kolkata Knight Riders,0,1,Loss
1254111,Dubai,2021-09-21,League,Kartik Tyagi,Dubai International Cricket Stadium,Punjab Kings,field,Rajasthan Royals,runs,2,186,20,0,Normal,AK Chaudhary,MA Gough,2021,0,Rajasthan Royals,Punjab Kings,1,0,Win
1254105,Dubai,2021-09-22,League,A Nortje,Dubai International Cricket Stadium,Sunrisers Hyderabad,bat,Delhi Capitals,wickets,8,135,20,0,Normal,KN Ananthapadmanabhan,RK Illingworth,2021,0,Sunrisers Hyderabad,Delhi Capitals,0,1,Loss
1254096,Abu Dhabi,2021-09-23,League,SP Narine,"Zayed Cricket Stadium, Abu Dhabi",Kolkata Knight Riders,field,Kolkata Knight Riders,wickets,7,156,20,0,Normal,S Ravi,VK Sharma,2021,1,Mumbai Indians,Kolkata Knight Riders,0,1,Loss
1254113,Sharjah,2021-09-24,League,DJ Bravo,Sharjah Cricket Stadium,Chennai Super Kings,field,Chennai Super Kings,wickets,6,157,20,0,Normal,AK Chaudhary,Nitin Menon,2021,1,Royal Challengers Bengaluru,Chennai Super Kings,0,1,Loss
1254097,Abu Dhabi,2021-09-25,League,SS Iyer,"Zayed Cricket Stadium, Abu Dhabi",Rajasthan Royals,field,Delhi Capitals,runs,33,155,20,0,Normal,CB Gaffaney,UV Gandhe,2021,0,Delhi Capitals,Rajasthan Royals,1,0,Win
1254107,Sharjah,2021-09-25,League,JO Holder,Sharjah Cricket Stadium,Sunrisers Hyderabad,field,Punjab Kings,runs,5,126,20,0,Normal,RK Illingworth,YC Barde,2021,0,Punjab Kings,Sunrisers Hyderabad,1,0,Win
1254098,Abu Dhabi,2021-09-26,League,RA Jadeja,"Zayed Cricket Stadium, Abu Dhabi",Kolkata Knight Riders,bat,Chennai Super Kings,wickets,2,172,20,0,Normal,CB Gaffaney,Tapan Sharma,2021,0,Kolkata Knight Riders,Chennai Super Kings,0,1,Loss
1254108,Dubai,2021-09-26,League,GJ Maxwell,Dubai International Cricket Stadium,Mumbai Indians,field,Royal Challengers Bengaluru,runs,54,166,20,0,Normal,AK Chaudhary,MA Gough,2021,0,Royal Challengers Bengaluru,Mumbai Indians,1,0,Win
1254100,Dubai,2021-09-27,League,JJ Roy,Dubai International Cricket Stadium,Rajasthan Royals,bat,Sunrisers Hyderabad,wickets,7,165,20,0,Normal,KN Ananthapadmanabhan,Navdeep Singh,2021,0,Rajasthan Royals,Sunrisers Hyderabad,0,1,Loss
1254092,Sharjah,2021-09-28,League,SP Narine,Sharjah Cricket Stadium,Kolkata Knight Riders,field,Kolkata Knight Riders,wickets,3,128,20,0,Normal,Nitin Menon,HAS Khalid,2021,1,Delhi Capitals,Kolkata Knight Riders,0,1,Loss
1254099,Abu Dhabi,2021-09-28,League,KA Pollard,"Zayed Cricket Stadium, Abu Dhabi",Mumbai Indians,field,Mumbai Indians,wickets,6,136,20,0,Normal,S Ravi,VK Sharma,2021,1,Punjab Kings,Mumbai Indians,0,1,Loss
1254103,Dubai,2021-09-29,League,YS Chahal,Dubai International Cricket Stadium,Royal Challengers Bengaluru,field,Royal Challengers Bengaluru,wickets,7,150,20,0,Normal,AY Dandekar,KN Ananthapadmanabhan,2021,1,Rajasthan Royals,Royal Challengers Bengaluru,0,1,Loss
1254091,Sharjah,2021-09-30,League,JR Hazlewood,Sharjah Cricket Stadium,Chennai Super Kings,field,Chennai Super Kings,wickets,6,135,20,0,Normal,Nitin Menon,YC Barde,2021,1,Sunrisers Hyderabad,Chennai Super Kings,0,1,Loss
1254102,Dubai,2021-10-01,League,KL Rahul,Dubai International Cricket Stadium,Punjab Kings,field,Punjab Kings,wickets,5,166,20,0,Normal,KN Ananthapadmanabhan,RK Illingworth,2021,1,Kolkata Knight Riders,Punjab Kings,0,1,Loss
1254089,Abu Dhabi,2021-10-02,League,RD Gaikwad,"Zayed Cricket Stadium, Abu Dhabi",Rajasthan Royals,field,Rajasthan Royals,wickets,7,190,20,0,Normal,CB Gaffaney,VK Sharma,2021,1,Chennai Super Kings,Rajasthan Royals,0,1,Loss
1254112,Sharjah,2021-10-02,League,AR Patel,Sharjah Cricket Stadium,Delhi Capitals,field,Delhi Capitals,wickets,4,130,20,0,Normal,AK Chaudhary,MA Gough,2021,1,Mumbai Indians,Delhi Capitals,0,1,Loss
1254090,Sharjah,2021-10-03,League,GJ Maxwell,Sharjah Cricket Stadium,Royal Challengers Bengaluru,bat,Royal Challengers Bengaluru,runs,6,165,20,0,Normal,KN Ananthapadmanabhan,RK Illingworth,2021,1,Royal Challengers Bengaluru,Punjab Kings,1,0,Win
1254109,Dubai,2021-10-03,League,Shubman Gill,Dubai International Cricket Stadium,Sunrisers Hyderabad,bat,Kolkata Knight Riders,wickets,6,116,20,0,Normal,J Madanagopal,MA Gough,2021,0,Sunrisers Hyderabad,Kolkata Knight Riders,0,1,Loss
1254110,Dubai,2021-10-04,League,AR Patel,Dubai International Cricket Stadium,Delhi Capitals,field,Delhi Capitals,wickets,3,137,20,0,Normal,AK Chaudhary,Nitin Menon,2021,1,Chennai Super Kings,Delhi Capitals,0,1,Loss
1254093,Sharjah,2021-10-05,League,NM Coulter-Nile,Sharjah Cricket Stadium,Mumbai Indians,field,Mumbai Indians,wickets,8,91,20,0,Normal,AK Chaudhary,MA Gough,2021,1,Rajasthan Royals,Mumbai Indians,0,1,Loss
1254095,Abu Dhabi,2021-10-06,League,KS Williamson,"Zayed Cricket Stadium, Abu Dhabi",Royal Challengers Bengaluru,field,Sunrisers Hyderabad,runs,4,142,20,0,Normal,S Ravi,UV Gandhe,2021,0,Sunrisers Hyderabad,Royal Challengers Bengaluru,1,0,Win
1254094,Dubai,2021-10-07,League,KL Rahul,Dubai International Cricket Stadium,Punjab Kings,field,Punjab Kings,wickets,6,135,20,0,Normal,K Srinivasan,RK Illingworth,2021,1,Chennai Super Kings,Punjab Kings,0,1,Loss
1254106,Sharjah,2021-10-07,League,Shivam Mavi,Sharjah Cricket Stadium,Rajasthan Royals,field,Kolkata Knight Riders,runs,86,172,20,0,Normal,MA Gough,HAS Khalid,2021,0,Kolkata Knight Riders,Rajasthan Royals,1,0,Win
1254088,Abu Dhabi,2021-10-08,League,Ishan Kishan,"Zayed Cricket Stadium, Abu Dhabi",Mumbai Indians,bat,Mumbai Indians,runs,42,236,20,0,Normal,Tapan Sharma,VK Sharma,2021,1,Mumbai Indians,Sunrisers Hyderabad,1,0,Win
1254101,Dubai,2021-10-08,League,KS Bharat,Dubai International Cricket Stadium,Royal Challengers Bengaluru,field,Royal Challengers Bengaluru,wickets,7,165,20,0,Normal,KN Ananthapadmanabhan,Nitin Menon,2021,1,Delhi Capitals,Royal Challengers Bengaluru,0,1,Loss
1254114,Dubai,2021-10-10,Qualifier 1,RD Gaikwad,Dubai International Cricket Stadium,Chennai Super Kings,field,Chennai Super Kings,wickets,4,173,20,0,Normal,Nitin Menon,RK Illingworth,2021,1,Delhi Capitals,Chennai Super Kings,0,1,Loss
1254115,Sharjah,2021-10-11,Eliminator,SP Narine,Sharjah Cricket Stadium,Royal Challengers Bengaluru,bat,Kolkata Knight Riders,wickets,4,139,20,0,Normal,CB Gaffaney,VK Sharma,2021,0,Royal Challengers Bengaluru,Kolkata Knight Riders,0,1,Loss
1254116,Sharjah,2021-10-13,Qualifier 2,VR Iyer,Sharjah Cricket Stadium,Kolkata Knight Riders,field,Kolkata Knight Riders,wickets,3,136,20,0,Normal,KN Ananthapadmanabhan,MA Gough,2021,1,Delhi Capitals,Kolkata Knight Riders,0,1,Loss
1254117,Dubai,2021-10-15,Final,F du Plessis,Dubai International Cricket Stadium,Kolkata Knight Riders,field,Chennai Super Kings,runs,27,193,20,0,Normal,Nitin Menon,RK Illingworth,2021,0,Chennai Super Kings,Kolkata Knight Riders,1,0,Win
1304047,Mumbai,2022-03-26,League,UT Yadav,"Wankhede Stadium, Mumbai",Kolkata Knight Riders,field,Kolkata Knight Riders,wickets,6,132,20,0,Normal,AK Chaudhary,Nitin Menon,2022,1,Chennai Super Kings,Kolkata Knight Riders,0,1,Loss
1304048,Mumbai,2022-03-27,League,Kuldeep Yadav,"Brabourne Stadium, Mumbai",Delhi Capitals,field,Delhi Capitals,wickets,4,178,20,0,Normal,RJ Tucker,HAS Khalid,2022,1,Mumbai Indians,Delhi Capitals,0,1,Loss
1304049,Mumbai,2022-03-27,League,OF Smith,"Dr DY Patil Sports Academy, Mumbai",Punjab Kings,field,Punjab Kings,wickets,5,206,20,0,Normal,Nitin Menon,YC Barde,2022,1,Royal Challengers Bengaluru,Punjab Kings,0,1,Loss
1304050,Mumbai,2022-03-28,League,Mohammed Shami,"Wankhede Stadium, Mumbai",Gujarat Titans,field,Gujarat Titans,wickets,5,159,20,0,Normal,PG Pathak,VK Sharma,2022,1,Lucknow Super Giants,Gujarat Titans,0,1,Loss
1304051,Pune,2022-03-29,League,SV Samson,"Maharashtra Cricket Association Stadium, Pune",Sunrisers Hyderabad,field,Rajasthan Royals,runs,61,211,20,0,Normal,BNJ Oxenford,UV Gandhe,2022,0,Rajasthan Royals,Sunrisers Hyderabad,1,0,Win
1304052,Mumbai,2022-03-30,League,PWH de Silva,"Dr DY Patil Sports Academy, Mumbai",Royal Challengers Bengaluru,field,Royal Challengers Bengaluru,wickets,3,129,20,0,Normal,J Madanagopal,Navdeep Singh,2022,1,Kolkata Knight Riders,Royal Challengers Bengaluru,0,1,Loss
1304053,Mumbai,2022-03-31,League,E Lewis,"Brabourne Stadium, Mumbai",Lucknow Super Giants,field,Lucknow Super Giants,wickets,6,211,20,0,Normal,RJ Tucker,VK Sharma,2022,1,Chennai Super Kings,Lucknow Super Giants,0,1,Loss
1304054,Mumbai,2022-04-01,League,UT Yadav,"Wankhede Stadium, Mumbai",Kolkata Knight Riders,field,Kolkata Knight Riders,wickets,6,138,20,0,Normal,AK Chaudhary,HAS Khalid,2022,1,Punjab Kings,Kolkata Knight Riders,0,1,Loss
1304055,Mumbai,2022-04-02,League,JC Buttler,"Dr DY Patil Sports Academy, Mumbai",Mumbai Indians,field,Rajasthan Royals,runs,23,194,20,0,Normal,Nitin Menon,PG Pathak,2022,0,Rajasthan Royals,Mumbai Indians,1,0,Win
1304056,Pune,2022-04-02,League,LH Ferguson,"Maharashtra Cricket Association Stadium, Pune",Delhi Capitals,field,Gujarat Titans,runs,14,172,20,0,Normal,KN Ananthapadmanabhan,UV Gandhe,2022,0,Gujarat Titans,Delhi Capitals,1,0,Win
1304057,Mumbai,2022-04-03,League,LS Livingstone,"Brabourne Stadium, Mumbai",Chennai Super Kings,field,Punjab Kings,runs,54,181,20,0,Normal,RJ Tucker,YC Barde,2022,0,Punjab Kings,Chennai Super Kings,1,0,Win
1304058,Mumbai,2022-04-04,League,Avesh Khan,"Dr DY Patil Sports Academy, Mumbai",Sunrisers Hyderabad,field,Lucknow Super Giants,runs,12,170,20,0,Normal,J Madanagopal,Navdeep Singh,2022,0,Lucknow Super Giants,Sunrisers Hyderabad,1,0,Win
1304059,Mumbai,2022-04-05,League,KD Karthik,"Wankhede Stadium, Mumbai",Royal Challengers Bengaluru,field,Royal Challengers Bengaluru,wickets,4,170,20,0,Normal,AK Chaudhary,HAS Khalid,2022,1,Rajasthan Royals,Royal Challengers Bengaluru,0,1,Loss
1304060,Pune,2022-04-06,League,PJ Cummins,"Maharashtra Cricket Association Stadium, Pune",Kolkata Knight Riders,field,Kolkata Knight Riders,wickets,5,162,20,0,Normal,BNJ Oxenford,KN Ananthapadmanabhan,2022,1,Mumbai Indians,Kolkata Knight Riders,0,1,Loss
1304061,Mumbai,2022-04-07,League,Q de Kock,"Dr DY Patil Sports Academy, Mumbai",Lucknow Super Giants,field,Lucknow Super Giants,wickets,6,150,20,0,Normal,RJ Tucker,Tapan Sharma,2022,1,Delhi Capitals,Lucknow Super Giants,0,1,Loss
1304062,Mumbai,2022-04-08,League,Shubman Gill,"Brabourne Stadium, Mumbai",Gujarat Titans,field,Gujarat Titans,wickets,6,190,20,0,Normal,AK Chaudhary,VK Sharma,2022,1,Punjab Kings,Gujarat Titans,0,1,Loss
1304063,Mumbai,2022-04-09,League,Abhishek Sharma,"Dr DY Patil Sports Academy, Mumbai",Sunrisers Hyderabad,field,Sunrisers Hyderabad,wickets,8,155,20,0,Normal,Navdeep Singh,Nitin Menon,2022,1,Chennai Super Kings,Sunrisers Hyderabad,0,1,Loss
1304064,Pune,2022-04-09,League,Anuj Rawat,"Maharashtra Cricket Association Stadium, Pune",Royal Challengers Bengaluru,field,Royal Challengers Bengaluru,wickets,7,152,20,0,Normal,BNJ Oxenford,KN Ananthapadmanabhan,2022,1,Mumbai Indians,Royal Challengers Bengaluru,0,1,Loss
1304065,Mumbai,2022-04-10,League,Kuldeep Yadav,"Brabourne Stadium, Mumbai",Kolkata Knight Riders,field,Delhi Capitals,runs,44,216,20,0,Normal,CB Gaffaney,J Madanagopal,2022,0,Delhi Capitals,Kolkata Knight Riders,1,0,Win
1304066,Mumbai,2022-04-10,League,YS Chahal,"Wankhede Stadium, Mumbai",Lucknow Super Giants,field,Rajasthan Royals,runs,3,166,20,0,Normal,AK Chaudhary,Tapan Sharma,2022,0,Rajasthan Royals,Lucknow Super Giants,1,0,Win
1304067,Mumbai,2022-04-11,League,KS Williamson,"Dr DY Patil Sports Academy, Mumbai",Sunrisers Hyderabad,field,Sunrisers Hyderabad,wickets,8,163,20,0,Normal,Chirra Ravikanthreddy,RJ Tucker,2022,1,Gujarat Titans,Sunrisers Hyderabad,0,1,Loss
1304068,Mumbai,2022-04-12,League,S Dube,"Dr DY Patil Sports Academy, Mumbai",Royal Challengers Bengaluru,field,Chennai Super Kings,runs,23,217,20,0,Normal,Nitin Menon,N Pandit,2022,0,Chennai Super Kings,Royal Challengers Bengaluru,1,0,Win
1304069,Pune,2022-04-13,League,MA Agarwal,"Maharashtra Cricket Association Stadium, Pune",Mumbai Indians,field,Punjab Kings,runs,12,199,20,0,Normal,BNJ Oxenford,UV Gandhe,2022,0,Punjab Kings,Mumbai Indians,1,0,Win
1304070,Mumbai,2022-04-14,League,HH Pandya,"Dr DY Patil Sports Academy, Mumbai",Rajasthan Royals,field,Gujarat Titans,runs,37,193,20,0,Normal,CB Gaffaney,R Pandit,2022,0,Gujarat Titans,Rajasthan Royals,1,0,Win
1304071,Mumbai,2022-04-15,League,RA Tripathi,"Brabourne Stadium, Mumbai",Sunrisers Hyderabad,field,Sunrisers Hyderabad,wickets,7,176,20,0,Normal,GR Sadashiv Iyer,VK Sharma,2022,1,Kolkata Knight Riders,Sunrisers Hyderabad,0,1,Loss
1304072,Mumbai,2022-04-16,League,KL Rahul,"Brabourne Stadium, Mumbai",Mumbai Indians,field,Lucknow Super Giants,runs,18,200,20,0,Normal,AK Chaudhary,NA Patwardhan,2022,0,Lucknow Super Giants,Mumbai Indians,1,0,Win
1304073,Mumbai,2022-04-16,League,KD Karthik,"Wankhede Stadium, Mumbai",Delhi Capitals,field,Royal Challengers Bengaluru,runs,16,190,20,0,Normal,Chirra Ravikanthreddy,J Madanagopal,2022,0,Royal Challengers Bengaluru,Delhi Capitals,1,0,Win
1304074,Mumbai,2022-04-17,League,Umran Malik,"Dr DY Patil Sports Academy, Mumbai",Sunrisers Hyderabad,field,Sunrisers Hyderabad,wickets,7,152,20,0,Normal,PG Pathak,R Pandit,2022,1,Punjab Kings,Sunrisers Hyderabad,0,1,Loss
1304075,Pune,2022-04-17,League,DA Miller,"Maharashtra Cricket Association Stadium, Pune",Gujarat Titans,field,Gujarat Titans,wickets,3,170,20,0,Normal,KN Ananthapadmanabhan,UV Gandhe,2022,1,Chennai Super Kings,Gujarat Titans,0,1,Loss
1304076,Mumbai,2022-04-18,League,YS Chahal,"Brabourne Stadium, Mumbai",Kolkata Knight Riders,field,Rajasthan Royals,runs,7,218,20,0,Normal,GR Sadashiv Iyer,VK Sharma,2022,0,Rajasthan Royals,Kolkata Knight Riders,1,0,Win
1304077,Mumbai,2022-04-19,League,F du Plessis,"Dr DY Patil Sports Academy, Mumbai",Lucknow Super Giants,field,Royal Challengers Bengaluru,runs,18,182,20,0,Normal,CB Gaffaney,N Pandit,2022,0,Royal Challengers Bengaluru,Lucknow Super Giants,1,0,Win
1304078,Mumbai,2022-04-20,League,Kuldeep Yadav,"Brabourne Stadium, Mumbai",Delhi Capitals,field,Delhi Capitals,wickets,9,116,20,0,Normal,RJ Tucker,Tapan Sharma,2022,1,Punjab Kings,Delhi Capitals,0,1,Loss
1304079,Navi Mumbai,2022-04-21,League,Mukesh Choudhary,"Dr DY Patil Sports Academy, Mumbai",Chennai Super Kings,field,Chennai Super Kings,wickets,3,156,20,0,Normal,BNJ Oxenford,UV Gandhe,2022,1,Mumbai Indians,Chennai Super Kings,0,1,Loss
1304080,Mumbai,2022-04-22,League,JC Buttler,"Wankhede Stadium, Mumbai",Delhi Capitals,field,Rajasthan Royals,runs,15,223,20,0,Normal,NA Patwardhan,Nitin Menon,2022,0,Rajasthan Royals,Delhi Capitals,1,0,Win
1304081,Navi Mumbai,2022-04-23,League,Rashid Khan,"Dr DY Patil Sports Academy, Mumbai",Gujarat Titans,bat,Gujarat Titans,runs,8,157,20,0,Normal,KN Ananthapadmanabhan,UV Gandhe,2022,1,Gujarat Titans,Kolkata Knight Riders,1,0,Win
1304082,Mumbai,2022-04-23,League,M Jansen,"Brabourne Stadium, Mumbai",Sunrisers Hyderabad,field,Sunrisers Hyderabad,wickets,9,69,20,0,Normal,Chirra Ravikanthreddy,J Madanagopal,2022,1,Royal Challengers Bengaluru,Sunrisers Hyderabad,0,1,Loss
1304083,Mumbai,2022-04-24,League,KL Rahul,"Wankhede Stadium, Mumbai",Mumbai Indians,field,Lucknow Super Giants,runs,36,169,20,0,Normal,M Erasmus,HAS Khalid,2022,0,Lucknow Super Giants,Mumbai Indians,1,0,Win
1304084,Mumbai,2022-04-25,League,S Dhawan,"Wankhede Stadium, Mumbai",Chennai Super Kings,field,Punjab Kings,runs,11,188,20,0,Normal,M Erasmus,Tapan Sharma,2022,0,Punjab Kings,Chennai Super Kings,1,0,Win
1304085,Pune,2022-04-26,League,R Parag,"Maharashtra Cricket Association Stadium, Pune",Royal Challengers Bengaluru,field,Rajasthan Royals,runs,29,145,20,0,Normal,BNJ Oxenford,KN Ananthapadmanabhan,2022,0,Rajasthan Royals,Royal Challengers Bengaluru,1,0,Win
1304086,Mumbai,2022-04-27,League,Umran Malik,"Wankhede Stadium, Mumbai",Gujarat Titans,field,Gujarat Titans,wickets,5,196,20,0,Normal,CB Gaffaney,Navdeep Singh,2022,1,Sunrisers Hyderabad,Gujarat Titans,0,1,Loss
1304087,Mumbai,2022-04-28,League,Kuldeep Yadav,"Wankhede Stadium, Mumbai",Delhi Capitals,field,Delhi Capitals,wickets,4,147,20,0,Normal,AK Chaudhary,PG Pathak,2022,1,Kolkata Knight Riders,Delhi Capitals,0,1,Loss
1304088,Pune,2022-04-29,League,KH Pandya,"Maharashtra Cricket Association Stadium, Pune",Punjab Kings,field,Lucknow Super Giants,runs,20,154,20,0,Normal,MA Gough,UV Gandhe,2022,0,Lucknow Super Giants,Punjab Kings,1,0,Win
1304089,Mumbai,2022-04-30,League,R Tewatia,"Brabourne Stadium, Mumbai",Royal Challengers Bengaluru,bat,Gujarat Titans,wickets,6,171,20,0,Normal,HAS Khalid,VK Sharma,2022,0,Royal Challengers Bengaluru,Gujarat Titans,0,1,Loss
1304090,Navi Mumbai,2022-04-30,League,SA Yadav,"Dr DY Patil Sports Academy, Mumbai",Mumbai Indians,field,Mumbai Indians,wickets,5,159,20,0,Normal,BNJ Oxenford,YC Barde,2022,1,Rajasthan Royals,Mumbai Indians,0,1,Loss
1304091,Mumbai,2022-05-01,League,Mohsin Khan,"Wankhede Stadium, Mumbai",Lucknow Super Giants,bat,Lucknow Super Giants,runs,6,196,20,0,Normal,Chirra Ravikanthreddy,CB Gaffaney,2022,1,Lucknow Super Giants,Delhi Capitals,1,0,Win
1304092,Pune,2022-05-01,League,RD Gaikwad,"Maharashtra Cricket Association Stadium, Pune",Sunrisers Hyderabad,field,Chennai Super Kings,runs,13,203,20,0,Normal,AK Chaudhary,KN Ananthapadmanabhan,2022,0,Chennai Super Kings,Sunrisers Hyderabad,1,0,Win
1304093,Mumbai,2022-05-02,League,RK Singh,"Wankhede Stadium, Mumbai",Kolkata Knight Riders,field,Kolkata Knight Riders,wickets,7,153,20,0,Normal,J Madanagopal,N Pandit,2022,1,Rajasthan Royals,Kolkata Knight Riders,0,1,Loss
1304094,Navi Mumbai,2022-05-03,League,K Rabada,"Dr DY Patil Sports Academy, Mumbai",Gujarat Titans,bat,Punjab Kings,wickets,8,144,20,0,Normal,R Pandit,VK Sharma,2022,0,Gujarat Titans,Punjab Kings,0,1,Loss
1304095,Pune,2022-05-04,League,HV Patel,"Maharashtra Cricket Association Stadium, Pune",Chennai Super Kings,field,Royal Challengers Bengaluru,runs,13,174,20,0,Normal,KN Ananthapadmanabhan,MA Gough,2022,0,Royal Challengers Bengaluru,Chennai Super Kings,1,0,Win
1304096,Mumbai,2022-05-05,League,DA Warner,"Brabourne Stadium, Mumbai",Sunrisers Hyderabad,field,Delhi Capitals,runs,21,208,20,0,Normal,Navdeep Singh,NA Patwardhan,2022,0,Delhi Capitals,Sunrisers Hyderabad,1,0,Win
1304097,Mumbai,2022-05-06,League,TH David,"Brabourne Stadium, Mumbai",Gujarat Titans,field,Mumbai Indians,runs,5,178,20,0,Normal,J Madanagopal,GR Sadashiv Iyer,2022,0,Mumbai Indians,Gujarat Titans,1,0,Win
1304098,Mumbai,2022-05-07,League,YBK Jaiswal,"Wankhede Stadium, Mumbai",Punjab Kings,bat,Rajasthan Royals,wickets,6,190,20,0,Normal,Chirra Ravikanthreddy,YC Barde,2022,0,Punjab Kings,Rajasthan Royals,0,1,Loss
1304099,Pune,2022-05-07,League,Avesh Khan,"Maharashtra Cricket Association Stadium, Pune",Kolkata Knight Riders,field,Lucknow Super Giants,runs,75,177,20,0,Normal,AK Chaudhary,MA Gough,2022,0,Lucknow Super Giants,Kolkata Knight Riders,1,0,Win
1304100,Mumbai,2022-05-08,League,PWH de Silva,"Wankhede Stadium, Mumbai",Royal Challengers Bengaluru,bat,Royal Challengers Bengaluru,runs,67,193,20,0,Normal,BNJ Oxenford,N Pandit,2022,1,Royal Challengers Bengaluru,Sunrisers Hyderabad,1,0,Win
1304101,Navi Mumbai,2022-05-08,League,DP Conway,"Dr DY Patil Sports Academy, Mumbai",Delhi Capitals,field,Chennai Super Kings,runs,91,209,20,0,Normal,Nitin Menon,R Pandit,2022,0,Chennai Super Kings,Delhi Capitals,1,0,Win
1304102,Navi Mumbai,2022-05-09,League,JJ Bumrah,"Dr DY Patil Sports Academy, Mumbai",Mumbai Indians,field,Kolkata Knight Riders,runs,52,166,20,0,Normal,CB Gaffaney,GR Sadashiv Iyer,2022,0,Kolkata Knight Riders,Mumbai Indians,1,0,Win
1304103,Pune,2022-05-10,League,Shubman Gill,"Maharashtra Cricket Association Stadium, Pune",Gujarat Titans,bat,Gujarat Titans,runs,62,145,20,0,Normal,KN Ananthapadmanabhan,MA Gough,2022,1,Gujarat Titans,Lucknow Super Giants,1,0,Win
1304104,Navi Mumbai,2022-05-11,League,MR Marsh,"Dr DY Patil Sports Academy, Mumbai",Delhi Capitals,field,Delhi Capitals,wickets,8,161,20,0,Normal,NA Patwardhan,Nitin Menon,2022,1,Rajasthan Royals,Delhi Capitals,0,1,Loss
1304105,Mumbai,2022-05-12,League,DR Sams,"Wankhede Stadium, Mumbai",Mumbai Indians,field,Mumbai Indians,wickets,5,98,20,0,Normal,Chirra Ravikanthreddy,CB Gaffaney,2022,1,Chennai Super Kings,Mumbai Indians,0,1,Loss
1304106,Mumbai,2022-05-13,League,JM Bairstow,"Brabourne Stadium, Mumbai",Royal Challengers Bengaluru,field,Punjab Kings,runs,54,210,20,0,Normal,J Madanagopal,N Pandit,2022,0,Punjab Kings,Royal Challengers Bengaluru,1,0,Win
1304107,Pune,2022-05-14,League,AD Russell,"Maharashtra Cricket Association Stadium, Pune",Kolkata Knight Riders,bat,Kolkata Knight Riders,runs,54,178,20,0,Normal,AK Chaudhary,KN Ananthapadmanabhan,2022,1,Kolkata Knight Riders,Sunrisers Hyderabad,1,0,Win
1304108,Mumbai,2022-05-15,League,WP Saha,"Wankhede Stadium, Mumbai",Chennai Super Kings,bat,Gujarat Titans,wickets,7,134,20,0,Normal,R Pandit,VK Sharma,2022,0,Chennai Super Kings,Gujarat Titans,0,1,Loss
1304109,Mumbai,2022-05-15,League,TA Boult,"Brabourne Stadium, Mumbai",Rajasthan Royals,bat,Rajasthan Royals,runs,24,179,20,0,Normal,PG Pathak,Tapan Sharma,2022,1,Rajasthan Royals,Lucknow Super Giants,1,0,Win
1304110,Navi Mumbai,2022-05-16,League,SN Thakur,"Dr DY Patil Sports Academy, Mumbai",Punjab Kings,field,Delhi Capitals,runs,17,160,20,0,Normal,GR Sadashiv Iyer,Nitin Menon,2022,0,Delhi Capitals,Punjab Kings,1,0,Win
1304111,Mumbai,2022-05-17,League,RA Tripathi,"Wankhede Stadium, Mumbai",Mumbai Indians,field,Sunrisers Hyderabad,runs,3,194,20,0,Normal,CB Gaffaney,N Pandit,2022,0,Sunrisers Hyderabad,Mumbai Indians,1,0,Win
1304112,Navi Mumbai,2022-05-18,League,Q de Kock,"Dr DY Patil Sports Academy, Mumbai",Lucknow Super Giants,bat,Lucknow Super Giants,runs,2,211,20,0,Normal,R Pandit,YC Barde,2022,1,Lucknow Super Giants,Kolkata Knight Riders,1,0,Win
1304113,Mumbai,2022-05-19,League,V Kohli,"Wankhede Stadium, Mumbai",Gujarat Titans,bat,Royal Challengers Bengaluru,wickets,8,169,20,0,Normal,KN Ananthapadmanabhan,GR Sadashiv Iyer,2022,0,Gujarat Titans,Royal Challengers Bengaluru,0,1,Loss
1304114,Mumbai,2022-05-20,League,R Ashwin,"Brabourne Stadium, Mumbai",Chennai Super Kings,bat,Rajasthan Royals,wickets,5,151,20,0,Normal,CB Gaffaney,NA Patwardhan,2022,0,Chennai Super Kings,Rajasthan Royals,0,1,Loss
1304115,Mumbai,2022-05-21,League,JJ Bumrah,"Wankhede Stadium, Mumbai",Mumbai Indians,field,Mumbai Indians,wickets,5,160,20,0,Normal,Nitin Menon,Tapan Sharma,2022,1,Delhi Capitals,Mumbai Indians,0,1,Loss
1304116,Mumbai,2022-05-22,League,Harpreet Brar,"Wankhede Stadium, Mumbai",Sunrisers Hyderabad,bat,Punjab Kings,wickets,5,158,20,0,Normal,AK Chaudhary,NA Patwardhan,2022,0,Sunrisers Hyderabad,Punjab Kings,0,1,Loss
1312197,Kolkata,2022-05-24,Qualifier 1,DA Miller,"Eden Gardens, Kolkata",Gujarat Titans,field,Gujarat Titans,wickets,7,189,20,0,Normal,BNJ Oxenford,VK Sharma,2022,1,Rajasthan Royals,Gujarat Titans,0,1,Loss
1312198,Kolkata,2022-05-25,Eliminator,RM Patidar,"Eden Gardens, Kolkata",Lucknow Super Giants,field,Royal Challengers Bengaluru,runs,14,208,20,0,Normal,J Madanagopal,MA Gough,2022,0,Royal Challengers Bengaluru,Lucknow Super Giants,1,0,Win
1312199,Ahmedabad,2022-05-27,Qualifier 2,JC Buttler,"Narendra Modi Stadium, Ahmedabad",Rajasthan Royals,field,Rajasthan Royals,wickets,7,158,20,0,Normal,CB Gaffaney,Nitin Menon,2022,1,Royal Challengers Bengaluru,Rajasthan Royals,0,1,Loss
1312200,Ahmedabad,2022-05-29,Final,HH Pandya,"Narendra Modi Stadium, Ahmedabad",Rajasthan Royals,bat,Gujarat Titans,wickets,7,131,20,0,Normal,CB Gaffaney,Nitin Menon,2022,0,Rajasthan Royals,Gujarat Titans,0,1,Loss
1359475,Ahmedabad,2023-03-31,League,Rashid Khan,"Narendra Modi Stadium, Ahmedabad",Gujarat Titans,field,Gujarat Titans,wickets,5,179,20,0,Normal,Nitin Menon,HAS Khalid,2023,1,Chennai Super Kings,Gujarat Titans,0,1,Loss
1359476,Chandigarh,2023-04-01,League,Arshdeep Singh,"Punjab Cricket Association IS Bindra Stadium, Mohali, Chandigarh",Kolkata Knight Riders,field,Punjab Kings,runs,7,154,16,0,D/L,BNJ Oxenford,YC Barde,2023,0,Punjab Kings,Kolkata Knight Riders,1,0,Win
1359477,Lucknow,2023-04-01,League,MA Wood,"Bharat Ratna Shri Atal Bihari Vajpayee Ekana Cricket Stadium, Lucknow",Delhi Capitals,field,Lucknow Super Giants,runs,50,194,20,0,Normal,AK Chaudhary,NA Patwardhan,2023,0,Lucknow Super Giants,Delhi Capitals,1,0,Win
1359478,Hyderabad,2023-04-02,League,JC Buttler,"Rajiv Gandhi International Stadium, Uppal, Hyderabad",Sunrisers Hyderabad,field,Rajasthan Royals,runs,72,204,20,0,Normal,KN Ananthapadmanabhan,R Pandit,2023,0,Rajasthan Royals,Sunrisers Hyderabad,1,0,Win
1359479,Bengaluru,2023-04-02,League,F du Plessis,"M Chinnaswamy Stadium, Bengaluru",Royal Challengers Bengaluru,field,Royal Challengers Bengaluru,wickets,8,172,20,0,Normal,Nitin Menon,Tapan Sharma,2023,1,Mumbai Indians,Royal Challengers Bengaluru,0,1,Loss
1359480,Chennai,2023-04-03,League,MM Ali,"MA Chidambaram Stadium, Chepauk, Chennai",Lucknow Super Giants,field,Chennai Super Kings,runs,12,218,20,0,Normal,A Totre,BNJ Oxenford,2023,0,Chennai Super Kings,Lucknow Super Giants,1,0,Win
1359481,Delhi,2023-04-04,League,B Sai Sudharsan,"Arun Jaitley Stadium, Delhi",Gujarat Titans,field,Gujarat Titans,wickets,6,163,20,0,Normal,A Nand Kishore,GR Sadashiv Iyer,2023,1,Delhi Capitals,Gujarat Titans,0,1,Loss
1359482,Guwahati,2023-04-05,League,NT Ellis,"Barsapara Cricket Stadium, Guwahati",Rajasthan Royals,field,Punjab Kings,runs,5,198,20,0,Normal,KN Ananthapadmanabhan,MV Saidharshan Kumar,2023,0,Punjab Kings,Rajasthan Royals,1,0,Win
1359483,Kolkata,2023-04-06,League,SN Thakur,"Eden Gardens, Kolkata",Royal Challengers Bengaluru,field,Kolkata Knight Riders,runs,81,205,20,0,Normal,Vinod Seshan,VK Sharma,2023,0,Kolkata Knight Riders,Royal Challengers Bengaluru,1,0,Win
1359484,Lucknow,2023-04-07,League,KH Pandya,"Bharat Ratna Shri Atal Bihari Vajpayee Ekana Cricket Stadium, Lucknow",Sunrisers Hyderabad,bat,Lucknow Super Giants,wickets,5,122,20,0,Normal,J Madanagopal,YC Barde,2023,0,Sunrisers Hyderabad,Lucknow Super Giants,0,1,Loss
1359485,Guwahati,2023-04-08,League,YBK Jaiswal,"Barsapara Cricket Stadium, Guwahati",Delhi Capitals,field,Rajasthan Royals,runs,57,200,20,0,Normal,Navdeep Singh,MV Saidharshan Kumar,2023,0,Rajasthan Royals,Delhi Capitals,1,0,Win
1359486,Mumbai,2023-04-08,League,RA Jadeja,"Wankhede Stadium, Mumbai",Chennai Super Kings,field,Chennai Super Kings,wickets,7,158,20,0,Normal,CB Gaffaney,NA Patwardhan,2023,1,Mumbai Indians,Chennai Super Kings,0,1,Loss
1359487,Ahmedabad,2023-04-09,League,RK Singh,"Narendra Modi Stadium, Ahmedabad",Gujarat Titans,bat,Kolkata Knight Riders,wickets,3,205,20,0,Normal,Nitin Menon,Tapan Sharma,2023,0,Gujarat Titans,Kolkata Knight Riders,0,1,Loss
1359488,Hyderabad,2023-04-09,League,S Dhawan,"Rajiv Gandhi International Stadium, Uppal, Hyderabad",Sunrisers Hyderabad,field,Sunrisers Hyderabad,wickets,8,144,20,0,Normal,BNJ Oxenford,UV Gandhe,2023,1,Punjab Kings,Sunrisers Hyderabad,0,1,Loss
1359489,Bengaluru,2023-04-10,League,N Pooran,"M Chinnaswamy Stadium, Bengaluru",Lucknow Super Giants,field,Lucknow Super Giants,wickets,1,213,20,0,Normal,AK Chaudhary,A Nand Kishore,2023,1,Royal Challengers Bengaluru,Lucknow Super Giants,0,1,Loss
1359490,Delhi,2023-04-11,League,RG Sharma,"Arun Jaitley Stadium, Delhi",Mumbai Indians,field,Mumbai Indians,wickets,6,173,20,0,Normal,MA Gough,R Pandit,2023,1,Delhi Capitals,Mumbai Indians,0,1,Loss
1359491,Chennai,2023-04-12,League,R Ashwin,"MA Chidambaram Stadium, Chepauk, Chennai",Chennai Super Kings,field,Rajasthan Royals,runs,3,176,20,0,Normal,Vinod Seshan,VK Sharma,2023,0,Rajasthan Royals,Chennai Super Kings,1,0,Win
1359492,Chandigarh,2023-04-13,League,MM Sharma,"Punjab Cricket Association IS Bindra Stadium, Mohali, Chandigarh",Gujarat Titans,field,Gujarat Titans,wickets,6,154,20,0,Normal,A Totre,J Madanagopal,2023,1,Punjab Kings,Gujarat Titans,0,1,Loss
1359493,Kolkata,2023-04-14,League,HC Brook,"Eden Gardens, Kolkata",Kolkata Knight Riders,field,Sunrisers Hyderabad,runs,23,229,20,0,Normal,CB Gaffaney,GR Sadashiv Iyer,2023,0,Sunrisers Hyderabad,Kolkata Knight Riders,1,0,Win
1359494,Bengaluru,2023-04-15,League,V Kohli,"M Chinnaswamy Stadium, Bengaluru",Delhi Capitals,field,Royal Challengers Bengaluru,runs,23,175,20,0,Normal,KN Ananthapadmanabhan,MV Saidharshan Kumar,2023,0,Royal Challengers Bengaluru,Delhi Capitals,1,0,Win
1359495,Lucknow,2023-04-15,League,Sikandar Raza,"Bharat Ratna Shri Atal Bihari Vajpayee Ekana Cricket Stadium, Lucknow",Punjab Kings,field,Punjab Kings,wickets,2,160,20,0,Normal,HAS Khalid,VK Sharma,2023,1,Lucknow Super Giants,Punjab Kings,0,1,Loss
1359496,Mumbai,2023-04-16,League,VR Iyer,"Wankhede Stadium, Mumbai",Mumbai Indians,field,Mumbai Indians,wickets,5,186,20,0,Normal,BNJ Oxenford,UV Gandhe,2023,1,Kolkata Knight Riders,Mumbai Indians,0,1,Loss
1359497,Ahmedabad,2023-04-16,League,SO Hetmyer,"Narendra Modi Stadium, Ahmedabad",Rajasthan Royals,field,Rajasthan Royals,wickets,3,178,20,0,Normal,AK Chaudhary,CB Gaffaney,2023,1,Gujarat Titans,Rajasthan Royals,0,1,Loss
1359498,Bengaluru,2023-04-17,League,DP Conway,"M Chinnaswamy Stadium, Bengaluru",Royal Challengers Bengaluru,field,Chennai Super Kings,runs,8,227,20,0,Normal,KN Ananthapadmanabhan,Navdeep Singh,2023,0,Chennai Super Kings,Royal Challengers Bengaluru,1,0,Win
1359499,Hyderabad,2023-04-18,League,C Green,"Rajiv Gandhi International Stadium, Uppal, Hyderabad",Sunrisers Hyderabad,field,Mumbai Indians,runs,14,193,20,0,Normal,Nitin Menon,Vinod Seshan,2023,0,Mumbai Indians,Sunrisers Hyderabad,1,0,Win
1359500,Jaipur,2023-04-19,League,MP Stoinis,"Sawai Mansingh Stadium, Jaipur",Rajasthan Royals,field,Lucknow Super Giants,runs,10,155,20,0,Normal,J Madanagopal,YC Barde,2023,0,Lucknow Super Giants,Rajasthan Royals,1,0,Win
1359501,Chandigarh,2023-04-20,League,Mohammed Siraj,"Punjab Cricket Association IS Bindra Stadium, Mohali, Chandigarh",Punjab Kings,field,Royal Challengers Bengaluru,runs,24,175,20,0,Normal,AK Chaudhary,GR Sadashiv Iyer,2023,0,Royal Challengers Bengaluru,Punjab Kings,1,0,Win
1359502,Delhi,2023-04-20,League,I Sharma,"Arun Jaitley Stadium, Delhi",Delhi Capitals,field,Delhi Capitals,wickets,4,128,20,0,Normal,MA Gough,R Pandit,2023,1,Kolkata Knight Riders,Delhi Capitals,0,1,Loss
1359503,Chennai,2023-04-21,League,RA Jadeja,"MA Chidambaram Stadium, Chepauk, Chennai",Chennai Super Kings,field,Chennai Super Kings,wickets,7,135,20,0,Normal,HAS Khalid,VK Sharma,2023,1,Sunrisers Hyderabad,Chennai Super Kings,0,1,Loss
1359504,Lucknow,2023-04-22,League,MM Sharma,"Bharat Ratna Shri Atal Bihari Vajpayee Ekana Cricket Stadium, Lucknow",Gujarat Titans,bat,Gujarat Titans,runs,7,136,20,0,Normal,A Totre,RJ Tucker,2023,1,Gujarat Titans,Lucknow Super Giants,1,0,Win
1359505,Mumbai,2023-04-22,League,SM Curran,"Wankhede Stadium, Mumbai",Mumbai Indians,field,Punjab Kings,runs,13,215,20,0,Normal,CB Gaffaney,GR Sadashiv Iyer,2023,0,Punjab Kings,Mumbai Indians,1,0,Win
1359506,Bengaluru,2023-04-23,League,GJ Maxwell,"M Chinnaswamy Stadium, Bengaluru",Rajasthan Royals,field,Royal Challengers Bengaluru,runs,7,190,20,0,Normal,MA Gough,MV Saidharshan Kumar,2023,0,Royal Challengers Bengaluru,Rajasthan Royals,1,0,Win
1359507,Kolkata,2023-04-23,League,AM Rahane,"Eden Gardens, Kolkata",Kolkata Knight Riders,field,Chennai Super Kings,runs,49,236,20,0,Normal,Nitin Menon,Tapan Sharma,2023,0,Chennai Super Kings,Kolkata Knight Riders,1,0,Win
1359508,Hyderabad,2023-04-24,League,AR Patel,"Rajiv Gandhi International Stadium, Uppal, Hyderabad",Delhi Capitals,bat,Delhi Capitals,runs,7,145,20,0,Normal,J Madanagopal,RJ Tucker,2023,1,Delhi Capitals,Sunrisers Hyderabad,1,0,Win
1359509,Ahmedabad,2023-04-25,League,A Manohar,"Narendra Modi Stadium, Ahmedabad",Mumbai Indians,field,Gujarat Titans,runs,55,208,20,0,Normal,AK Chaudhary,A Nand Kishore,2023,0,Gujarat Titans,Mumbai Indians,1,0,Win
1359510,Bengaluru,2023-04-26,League,CV Varun,"M Chinnaswamy Stadium, Bengaluru",Royal Challengers Bengaluru,field,Kolkata Knight Riders,runs,21,201,20,0,Normal,KN Ananthapadmanabhan,R Pandit,2023,0,Kolkata Knight Riders,Royal Challengers Bengaluru,1,0,Win
1359511,Jaipur,2023-04-27,League,YBK Jaiswal,"Sawai Mansingh Stadium, Jaipur",Rajasthan Royals,bat,Rajasthan Royals,runs,32,203,20,0,Normal,A Totre,YC Barde,2023,1,Rajasthan Royals,Chennai Super Kings,1,0,Win
1359512,Chandigarh,2023-04-28,League,MP Stoinis,"Punjab Cricket Association IS Bindra Stadium, Mohali, Chandigarh",Punjab Kings,field,Lucknow Super Giants,runs,56,258,20,0,Normal,Nitin Menon,Vinod Seshan,2023,0,Lucknow Super Giants,Punjab Kings,1,0,Win
1359513,Kolkata,2023-04-29,League,J Little,"Eden Gardens, Kolkata",Gujarat Titans,field,Gujarat Titans,wickets,7,180,20,0,Normal,NA Patwardhan,GR Sadashiv Iyer,2023,1,Kolkata Knight Riders,Gujarat Titans,0,1,Loss
1359514,Delhi,2023-04-29,League,MR Marsh,"Arun Jaitley Stadium, Delhi",Sunrisers Hyderabad,bat,Sunrisers Hyderabad,runs,9,198,20,0,Normal,MA Gough,Navdeep Singh,2023,1,Sunrisers Hyderabad,Delhi Capitals,1,0,Win
1359515,Chennai,2023-04-30,League,DP Conway,"MA Chidambaram Stadium, Chepauk, Chennai",Chennai Super Kings,bat,Punjab Kings,wickets,4,201,20,0,Normal,RJ Tucker,UV Gandhe,2023,0,Chennai Super Kings,Punjab Kings,0,1,Loss
1359516,Mumbai,2023-04-30,League,YBK Jaiswal,"Wankhede Stadium, Mumbai",Rajasthan Royals,bat,Mumbai Indians,wickets,6,213,20,0,Normal,Vinod Seshan,VK Sharma,2023,0,Rajasthan Royals,Mumbai Indians,0,1,Loss
1359517,Lucknow,2023-05-01,League,F du Plessis,"Bharat Ratna Shri Atal Bihari Vajpayee Ekana Cricket Stadium, Lucknow",Royal Challengers Bengaluru,bat,Royal Challengers Bengaluru,runs,18,127,20,0,Normal,AK Chaudhary,GR Sadashiv Iyer,2023,1,Royal Challengers Bengaluru,Lucknow Super Giants,1,0,Win
1359518,Ahmedabad,2023-05-02,League,Mohammed Shami,"Narendra Modi Stadium, Ahmedabad",Delhi Capitals,bat,Delhi Capitals,runs,5,131,20,0,Normal,MA Gough,R Pandit,2023,1,Delhi Capitals,Gujarat Titans,1,0,Win
1359519,Lucknow,2023-05-03,League,No Award,"Bharat Ratna Shri Atal Bihari Vajpayee Ekana Cricket Stadium, Lucknow",Chennai Super Kings,field,No Result,no result,0,0,0,0,Normal,AK Chaudhary,NA Patwardhan,2023,0,Lucknow Super Giants,Chennai Super Kings,0,0,No Result
1359520,Chandigarh,2023-05-03,League,Ishan Kishan,"Punjab Cricket Association IS Bindra Stadium, Mohali, Chandigarh",Mumbai Indians,field,Mumbai Indians,wickets,6,215,20,0,Normal,J Madanagopal,RJ Tucker,2023,1,Punjab Kings,Mumbai Indians,0,1,Loss
1359521,Hyderabad,2023-05-04,League,CV Varun,"Rajiv Gandhi International Stadium, Uppal, Hyderabad",Kolkata Knight Riders,bat,Kolkata Knight Riders,runs,5,172,20,0,Normal,KN Ananthapadmanabhan,MA Gough,2023,1,Kolkata Knight Riders,Sunrisers Hyderabad,1,0,Win
1359522,Jaipur,2023-05-05,League,Rashid Khan,"Sawai Mansingh Stadium, Jaipur",Rajasthan Royals,bat,Gujarat Titans,wickets,9,119,20,0,Normal,HAS Khalid,VK Sharma,2023,0,Rajasthan Royals,Gujarat Titans,0,1,Loss
1359523,Chennai,2023-05-06,League,M Pathirana,"MA Chidambaram Stadium, Chepauk, Chennai",Chennai Super Kings,field,Chennai Super Kings,wickets,6,140,20,0,Normal,BNJ Oxenford,Navdeep Singh,2023,1,Mumbai Indians,Chennai Super Kings,0,1,Loss
1359524,Delhi,2023-05-06,League,PD Salt,"Arun Jaitley Stadium, Delhi",Royal Challengers Bengaluru,bat,Delhi Capitals,wickets,7,182,20,0,Normal,RJ Tucker,YC Barde,2023,0,Royal Challengers Bengaluru,Delhi Capitals,0,1,Loss
1359525,Ahmedabad,2023-05-07,League,Shubman Gill,"Narendra Modi Stadium, Ahmedabad",Lucknow Super Giants,field,Gujarat Titans,runs,56,228,20,0,Normal,AK Chaudhary,A Nand Kishore,2023,0,Gujarat Titans,Lucknow Super Giants,1,0,Win
1359526,Jaipur,2023-05-07,League,GD Phillips,"Sawai Mansingh Stadium, Jaipur",Rajasthan Royals,bat,Sunrisers Hyderabad,wickets,4,215,20,0,Normal,Nitin Menon,Vinod Seshan,2023,0,Rajasthan Royals,Sunrisers Hyderabad,0,1,Loss
1359527,Kolkata,2023-05-08,League,AD Russell,"Eden Gardens, Kolkata",Punjab Kings,bat,Kolkata Knight Riders,wickets,5,180,20,0,Normal,A Totre,J Madanagopal,2023,0,Punjab Kings,Kolkata Knight Riders,0,1,Loss
1359528,Mumbai,2023-05-09,League,SA Yadav,"Wankhede Stadium, Mumbai",Mumbai Indians,field,Mumbai Indians,wickets,6,200,20,0,Normal,HAS Khalid,VK Sharma,2023,1,Royal Challengers Bengaluru,Mumbai Indians,0,1,Loss
1359529,Chennai,2023-05-10,League,RA Jadeja,"MA Chidambaram Stadium, Chepauk, Chennai",Chennai Super Kings,bat,Chennai Super Kings,runs,27,168,20,0,Normal,CB Gaffaney,NA Patwardhan,2023,1,Chennai Super Kings,Delhi Capitals,1,0,Win
1359530,Kolkata,2023-05-11,League,YBK Jaiswal,"Eden Gardens, Kolkata",Rajasthan Royals,field,Rajasthan Royals,wickets,9,150,20,0,Normal,RJ Tucker,MV Saidharshan Kumar,2023,1,Kolkata Knight Riders,Rajasthan Royals,0,1,Loss
1359531,Mumbai,2023-05-12,League,SA Yadav,"Wankhede Stadium, Mumbai",Gujarat Titans,field,Mumbai Indians,runs,27,219,20,0,Normal,Nitin Menon,Tapan Sharma,2023,0,Mumbai Indians,Gujarat Titans,1,0,Win
1359532,Hyderabad,2023-05-13,League,PN Mankad,"Rajiv Gandhi International Stadium, Uppal, Hyderabad",Sunrisers Hyderabad,bat,Lucknow Super Giants,wickets,7,183,20,0,Normal,A Totre,J Madanagopal,2023,0,Sunrisers Hyderabad,Lucknow Super Giants,0,1,Loss
1359533,Delhi,2023-05-13,League,P Simran Singh,"Arun Jaitley Stadium, Delhi",Delhi Capitals,field,Punjab Kings,runs,31,168,20,0,Normal,CB Gaffaney,NA Patwardhan,2023,0,Punjab Kings,Delhi Capitals,1,0,Win
1359534,Jaipur,2023-05-14,League,WD Parnell,"Sawai Mansingh Stadium, Jaipur",Royal Challengers Bengaluru,bat,Royal Challengers Bengaluru,runs,112,172,20,0,Normal,KN Ananthapadmanabhan,Navdeep Singh,2023,1,Royal Challengers Bengaluru,Rajasthan Royals,1,0,Win
1359535,Chennai,2023-05-14,League,RK Singh,"MA Chidambaram Stadium, Chepauk, Chennai",Chennai Super Kings,bat,Kolkata Knight Riders,wickets,6,145,20,0,Normal,Tapan Sharma,Vinod Seshan,2023,0,Chennai Super Kings,Kolkata Knight Riders,0,1,Loss
1359536,Ahmedabad,2023-05-15,League,Shubman Gill,"Narendra Modi Stadium, Ahmedabad",Sunrisers Hyderabad,field,Gujarat Titans,runs,34,189,20,0,Normal,J Madanagopal,UV Gandhe,2023,0,Gujarat Titans,Sunrisers Hyderabad,1,0,Win
1359537,Lucknow,2023-05-16,League,MP Stoinis,"Bharat Ratna Shri Atal Bihari Vajpayee Ekana Cricket Stadium, Lucknow",Mumbai Indians,field,Lucknow Super Giants,runs,5,178,20,0,Normal,AK Chaudhary,A Nand Kishore,2023,0,Lucknow Super Giants,Mumbai Indians,1,0,Win
1359538,Dharamsala,2023-05-17,League,RR Rossouw,"Himachal Pradesh Cricket Association Stadium, Dharamsala",Punjab Kings,field,Delhi Capitals,runs,15,214,20,0,Normal,KN Ananthapadmanabhan,MV Saidharshan Kumar,2023,0,Delhi Capitals,Punjab Kings,1,0,Win
1359539,Hyderabad,2023-05-18,League,V Kohli,"Rajiv Gandhi International Stadium, Uppal, Hyderabad",Royal Challengers Bengaluru,field,Royal Challengers Bengaluru,wickets,8,187,20,0,Normal,BNJ Oxenford,VK Sharma,2023,1,Sunrisers Hyderabad,Royal Challengers Bengaluru,0,1,Loss
1359540,Dharamsala,2023-05-19,League,D Padikkal,"Himachal Pradesh Cricket Association Stadium, Dharamsala",Rajasthan Royals,field,Rajasthan Royals,wickets,4,188,20,0,Normal,A Nand Kishore,RJ Tucker,2023,1,Punjab Kings,Rajasthan Royals,0,1,Loss
1359541,Delhi,2023-05-20,League,RD Gaikwad,"Arun Jaitley Stadium, Delhi",Chennai Super Kings,bat,Chennai Super Kings,runs,77,224,20,0,Normal,CB Gaffaney,NA Patwardhan,2023,1,Chennai Super Kings,Delhi Capitals,1,0,Win
1359542,Kolkata,2023-05-20,League,N Pooran,"Eden Gardens, Kolkata",Kolkata Knight Riders,field,Lucknow Super Giants,runs,1,177,20,0,Normal,J Madanagopal,UV Gandhe,2023,0,Lucknow Super Giants,Kolkata Knight Riders,1,0,Win
1359543,Mumbai,2023-05-21,League,C Green,"Wankhede Stadium, Mumbai",Mumbai Indians,field,Mumbai Indians,wickets,8,201,20,0,Normal,KN Ananthapadmanabhan,RJ Tucker,2023,1,Sunrisers Hyderabad,Mumbai Indians,0,1,Loss
1359544,Bengaluru,2023-05-21,League,Shubman Gill,"M Chinnaswamy Stadium, Bengaluru",Gujarat Titans,field,Gujarat Titans,wickets,6,198,20,0,Normal,Nitin Menon,VK Sharma,2023,1,Royal Challengers Bengaluru,Gujarat Titans,0,1,Loss
1370350,Chennai,2023-05-23,Qualifier 1,RD Gaikwad,"MA Chidambaram Stadium, Chepauk, Chennai",Gujarat Titans,field,Chennai Super Kings,runs,15,173,20,0,Normal,AK Chaudhary,CB Gaffaney,2023,0,Chennai Super Kings,Gujarat Titans,1,0,Win
1370351,Chennai,2023-05-24,Eliminator,Akash Madhwal,"MA Chidambaram Stadium, Chepauk, Chennai",Mumbai Indians,bat,Mumbai Indians,runs,81,183,20,0,Normal,BNJ Oxenford,VK Sharma,2023,1,Mumbai Indians,Lucknow Super Giants,1,0,Win
1370352,Ahmedabad,2023-05-26,Qualifier 2,Shubman Gill,"Narendra Modi Stadium, Ahmedabad",Mumbai Indians,field,Gujarat Titans,runs,62,234,20,0,Normal,Nitin Menon,RJ Tucker,2023,0,Gujarat Titans,Mumbai Indians,1,0,Win
1370353,Ahmedabad,2023-05-29,Final,DP Conway,"Narendra Modi Stadium, Ahmedabad",Chennai Super Kings,field,Chennai Super Kings,wickets,5,171,15,0,D/L,Nitin Menon,RJ Tucker,2023,1,Gujarat Titans,Chennai Super Kings,0,1,Loss
1422119,Chennai,2024-03-22,League,Mustafizur Rahman,"MA Chidambaram Stadium, Chepauk, Chennai",Royal Challengers Bengaluru,bat,Chennai Super Kings,wickets,6,174,20,0,Normal,HAS Khalid,VK Sharma,2024,0,Royal Challengers Bengaluru,Chennai Super Kings,0,1,Loss
1422120,Mohali,2024-03-23,League,SM Curran,"Maharaja Yadavindra Singh International Cricket Stadium, Mullanpur",Punjab Kings,field,Punjab Kings,wickets,4,175,20,0,Normal,J Madanagopal,NA Patwardhan,2024,1,Delhi Capitals,Punjab Kings,0,1,Loss
1422121,Kolkata,2024-03-23,League,AD Russell,"Eden Gardens, Kolkata",Sunrisers Hyderabad,field,Kolkata Knight Riders,runs,4,209,20,0,Normal,R Pandit,YC Barde,2024,0,Kolkata Knight Riders,Sunrisers Hyderabad,1,0,Win
1422122,Jaipur,2024-03-24,League,SV Samson,"Sawai Mansingh Stadium, Jaipur",Rajasthan Royals,bat,Rajasthan Royals,runs,20,194,20,0,Normal,A Totre,HDPK Dharmasena,2024,1,Rajasthan Royals,Lucknow Super Giants,1,0,Win
1422123,Ahmedabad,2024-03-24,League,B Sai Sudharsan,"Narendra Modi Stadium, Ahmedabad",Mumbai Indians,field,Gujarat Titans,runs,6,169,20,0,Normal,VA Kulkarni,VK Sharma,2024,0,Gujarat Titans,Mumbai Indians,1,0,Win
1422124,Bengaluru,2024-03-25,League,V Kohli,"M Chinnaswamy Stadium, Bengaluru",Royal Challengers Bengaluru,field,Royal Challengers Bengaluru,wickets,4,177,20,0,Normal,AK Chaudhary,MV Saidharshan Kumar,2024,1,Punjab Kings,Royal Challengers Bengaluru,0,1,Loss
1422125,Chennai,2024-03-26,League,S Dube,"MA Chidambaram Stadium, Chepauk, Chennai",Gujarat Titans,field,Chennai Super Kings,runs,63,207,20,0,Normal,AG Wharf,Tapan Sharma,2024,0,Chennai Super Kings,Gujarat Titans,1,0,Win
1422126,Hyderabad,2024-03-27,League,Abhishek Sharma,"Rajiv Gandhi International Stadium, Uppal, Hyderabad",Mumbai Indians,field,Sunrisers Hyderabad,runs,31,278,20,0,Normal,KN Ananthapadmanabhan,UV Gandhe,2024,0,Sunrisers Hyderabad,Mumbai Indians,1,0,Win
1422127,Jaipur,2024-03-28,League,R Parag,"Sawai Mansingh Stadium, Jaipur",Delhi Capitals,field,Rajasthan Royals,runs,12,186,20,0,Normal,A Nand Kishore,Nitin Menon,2024,0,Rajasthan Royals,Delhi Capitals,1,0,Win
1422128,Bengaluru,2024-03-29,League,SP Narine,"M Chinnaswamy Stadium, Bengaluru",Kolkata Knight Riders,field,Kolkata Knight Riders,wickets,7,183,20,0,Normal,AK Chaudhary,R Pandit,2024,1,Royal Challengers Bengaluru,Kolkata Knight Riders,0,1,Loss
1422129,Lucknow,2024-03-30,League,MP Yadav,"Bharat Ratna Shri Atal Bihari Vajpayee Ekana Cricket Stadium, Lucknow",Lucknow Super Giants,bat,Lucknow Super Giants,runs,21,200,20,0,Normal,J Madanagopal,Navdeep Singh,2024,1,Lucknow Super Giants,Punjab Kings,1,0,Win
1422130,Ahmedabad,2024-03-31,League,MM Sharma,"Narendra Modi Stadium, Ahmedabad",Sunrisers Hyderabad,bat,Gujarat Titans,wickets,7,163,20,0,Normal,HAS Khalid,VK Sharma,2024,0,Sunrisers Hyderabad,Gujarat Titans,0,1,Loss
1422131,Visakhapatnam,2024-03-31,League,KK Ahmed,"Dr. Y.S. Rajasekhara Reddy ACA-VDCA Cricket Stadium, Visakhapatnam",Delhi Capitals,bat,Delhi Capitals,runs,20,192,20,0,Normal,HDPK Dharmasena,Vinod Seshan,2024,1,Delhi Capitals,Chennai Super Kings,1,0,Win
1422132,Mumbai,2024-04-01,League,TA Boult,"Wankhede Stadium, Mumbai",Rajasthan Royals,field,Rajasthan Royals,wickets,6,126,20,0,Normal,MV Saidharshan Kumar,YC Barde,2024,1,Mumbai Indians,Rajasthan Royals,0,1,Loss
1422133,Bengaluru,2024-04-02,League,MP Yadav,"M Chinnaswamy Stadium, Bengaluru",Royal Challengers Bengaluru,field,Lucknow Super Giants,runs,28,182,20,0,Normal,J Madanagopal,NA Patwardhan,2024,0,Lucknow Super Giants,Royal Challengers Bengaluru,1,0,Win
1422134,Visakhapatnam,2024-04-03,League,SP Narine,"Dr. Y.S. Rajasekhara Reddy ACA-VDCA Cricket Stadium, Visakhapatnam",Kolkata Knight Riders,bat,Kolkata Knight Riders,runs,106,273,20,0,Normal,A Totre,UV Gandhe,2024,1,Kolkata Knight Riders,Delhi Capitals,1,0,Win
1422135,Ahmedabad,2024-04-04,League,Shashank Singh,"Narendra Modi Stadium, Ahmedabad",Punjab Kings,field,Punjab Kings,wickets,3,200,20,0,Normal,Nitin Menon,VA Kulkarni,2024,1,Gujarat Titans,Punjab Kings,0,1,Loss
1422136,Hyderabad,2024-04-05,League,Abhishek Sharma,"Rajiv Gandhi International Stadium, Uppal, Hyderabad",Sunrisers Hyderabad,field,Sunrisers Hyderabad,wickets,6,166,20,0,Normal,R Pandit,YC Barde,2024,1,Chennai Super Kings,Sunrisers Hyderabad,0,1,Loss
1422137,Jaipur,2024-04-06,League,JC Buttler,"Sawai Mansingh Stadium, Jaipur",Rajasthan Royals,field,Rajasthan Royals,wickets,6,184,20,0,Normal,AG Wharf,Tapan Sharma,2024,1,Royal Challengers Bengaluru,Rajasthan Royals,0,1,Loss
1422138,Mumbai,2024-04-07,League,R Shepherd,"Wankhede Stadium, Mumbai",Delhi Capitals,field,Mumbai Indians,runs,29,235,20,0,Normal,HDPK Dharmasena,UV Gandhe,2024,0,Mumbai Indians,Delhi Capitals,1,0,Win
1422139,Lucknow,2024-04-07,League,Yash Thakur,"Bharat Ratna Shri Atal Bihari Vajpayee Ekana Cricket Stadium, Lucknow",Lucknow Super Giants,bat,Lucknow Super Giants,runs,33,164,20,0,Normal,A Nand Kishore,VK Sharma,2024,1,Lucknow Super Giants,Gujarat Titans,1,0,Win
1426260,Chennai,2024-04-08,League,RA Jadeja,"MA Chidambaram Stadium, Chepauk, Chennai",Chennai Super Kings,field,Chennai Super Kings,wickets,7,138,20,0,Normal,AK Chaudhary,MV Saidharshan Kumar,2024,1,Kolkata Knight Riders,Chennai Super Kings,0,1,Loss
1426261,Mohali,2024-04-09,League,Nithish Kumar Reddy,"Maharaja Yadavindra Singh International Cricket Stadium, Mullanpur",Punjab Kings,field,Sunrisers Hyderabad,runs,2,183,20,0,Normal,Navdeep Singh,NA Patwardhan,2024,0,Sunrisers Hyderabad,Punjab Kings,1,0,Win
1426262,Jaipur,2024-04-10,League,Rashid Khan,"Sawai Mansingh Stadium, Jaipur",Gujarat Titans,field,Gujarat Titans,wickets,3,197,20,0,Normal,HDPK Dharmasena,Vinod Seshan,2024,1,Rajasthan Royals,Gujarat Titans,0,1,Loss
1426263,Mumbai,2024-04-11,League,JJ Bumrah,"Wankhede Stadium, Mumbai",Mumbai Indians,field,Mumbai Indians,wickets,7,197,20,0,Normal,Nitin Menon,VA Kulkarni,2024,1,Royal Challengers Bengaluru,Mumbai Indians,0,1,Loss
1426264,Lucknow,2024-04-12,League,Kuldeep Yadav,"Bharat Ratna Shri Atal Bihari Vajpayee Ekana Cricket Stadium, Lucknow",Lucknow Super Giants,bat,Delhi Capitals,wickets,6,168,20,0,Normal,R Pandit,YC Barde,2024,0,Lucknow Super Giants,Delhi Capitals,0,1,Loss
1426265,Mohali,2024-04-13,League,SO Hetmyer,"Maharaja Yadavindra Singh International Cricket Stadium, Mullanpur",Rajasthan Royals,field,Rajasthan Royals,wickets,3,148,20,0,Normal,AK Chaudhary,Tapan Sharma,2024,1,Punjab Kings,Rajasthan Royals,0,1,Loss
1426266,Kolkata,2024-04-14,League,PD Salt,"Eden Gardens, Kolkata",Kolkata Knight Riders,field,Kolkata Knight Riders,wickets,8,162,20,0,Normal,A Totre,Vinod Seshan,2024,1,Lucknow Super Giants,Kolkata Knight Riders,0,1,Loss
1426267,Mumbai,2024-04-14,League,M Pathirana,"Wankhede Stadium, Mumbai",Mumbai Indians,field,Chennai Super Kings,runs,20,207,20,0,Normal,Nitin Menon,HAS Khalid,2024,0,Chennai Super Kings,Mumbai Indians,1,0,Win
1426268,Bengaluru,2024-04-15,League,TM Head,"M Chinnaswamy Stadium, Bengaluru",Royal Challengers Bengaluru,field,Sunrisers Hyderabad,runs,25,288,20,0,Normal,AK Chaudhary,R Pandit,2024,0,Sunrisers Hyderabad,Royal Challengers Bengaluru,1,0,Win
1426269,Kolkata,2024-04-16,League,JC Buttler,"Eden Gardens, Kolkata",Rajasthan Royals,field,Rajasthan Royals,wickets,2,224,20,0,Normal,MA Gough,UV Gandhe,2024,1,Kolkata Knight Riders,Rajasthan Royals,0,1,Loss
1426270,Ahmedabad,2024-04-17,League,RR Pant,"Narendra Modi Stadium, Ahmedabad",Delhi Capitals,field,Delhi Capitals,wickets,6,90,20,0,Normal,NA Patwardhan,VK Sharma,2024,1,Gujarat Titans,Delhi Capitals,0,1,Loss
1426271,Mohali,2024-04-18,League,JJ Bumrah,"Maharaja Yadavindra Singh International Cricket Stadium, Mullanpur",Punjab Kings,field,Mumbai Indians,runs,9,193,20,0,Normal,A Nand Kishore,VA Kulkarni,2024,0,Mumbai Indians,Punjab Kings,1,0,Win
1426272,Lucknow,2024-04-19,League,KL Rahul,"Bharat Ratna Shri Atal Bihari Vajpayee Ekana Cricket Stadium, Lucknow",Lucknow Super Giants,field,Lucknow Super Giants,wickets,8,177,20,0,Normal,AK Chaudhary,R Pandit,2024,1,Chennai Super Kings,Lucknow Super Giants,0,1,Loss
1426273,Delhi,2024-04-20,League,TM Head,"Arun Jaitley Stadium, Delhi",Delhi Capitals,field,Sunrisers Hyderabad,runs,67,267,20,0,Normal,J Madanagopal,Navdeep Singh,2024,0,Sunrisers Hyderabad,Delhi Capitals,1,0,Win
1426274,Kolkata,2024-04-21,League,AD Russell,"Eden Gardens, Kolkata",Royal Challengers Bengaluru,field,Kolkata Knight Riders,runs,1,223,20,0,Normal,A Totre,Vinod Seshan,2024,0,Kolkata Knight Riders,Royal Challengers Bengaluru,1,0,Win
1426275,Mohali,2024-04-21,League,R Sai Kishore,"Maharaja Yadavindra Singh International Cricket Stadium, Mullanpur",Punjab Kings,bat,Gujarat Titans,wickets,3,143,20,0,Normal,A Nand Kishore,VA Kulkarni,2024,0,Punjab Kings,Gujarat Titans,0,1,Loss
1426276,Jaipur,2024-04-22,League,Sandeep Sharma,"Sawai Mansingh Stadium, Jaipur",Mumbai Indians,bat,Rajasthan Royals,wickets,9,180,20,0,Normal,AK Chaudhary,MV Saidharshan Kumar,2024,0,Mumbai Indians,Rajasthan Royals,0,1,Loss
1426277,Chennai,2024-04-23,League,MP Stoinis,"MA Chidambaram Stadium, Chepauk, Chennai",Lucknow Super Giants,field,Lucknow Super Giants,wickets,6,211,20,0,Normal,NA Patwardhan,Tapan Sharma,2024,1,Chennai Super Kings,Lucknow Super Giants,0,1,Loss
1426278,Delhi,2024-04-24,League,RR Pant,"Arun Jaitley Stadium, Delhi",Gujarat Titans,field,Delhi Capitals,runs,4,225,20,0,Normal,KN Ananthapadmanabhan,UV Gandhe,2024,0,Delhi Capitals,Gujarat Titans,1,0,Win
1426279,Hyderabad,2024-04-25,League,RM Patidar,"Rajiv Gandhi International Stadium, Uppal, Hyderabad",Royal Challengers Bengaluru,bat,Royal Challengers Bengaluru,runs,35,207,20,0,Normal,Nitin Menon,HAS Khalid,2024,1,Royal Challengers Bengaluru,Sunrisers Hyderabad,1,0,Win
1426280,Kolkata,2024-04-26,League,JM Bairstow,"Eden Gardens, Kolkata",Punjab Kings,field,Punjab Kings,wickets,8,262,20,0,Normal,AK Chaudhary,YC Barde,2024,1,Kolkata Knight Riders,Punjab Kings,0,1,Loss
1426281,Delhi,2024-04-27,League,J Fraser-McGurk,"Arun Jaitley Stadium, Delhi",Mumbai Indians,field,Delhi Capitals,runs,10,258,20,0,Normal,Navdeep Singh,NA Patwardhan,2024,0,Delhi Capitals,Mumbai Indians,1,0,Win
1426282,Lucknow,2024-04-27,League,SV Samson,"Bharat Ratna Shri Atal Bihari Vajpayee Ekana Cricket Stadium, Lucknow",Rajasthan Royals,field,Rajasthan Royals,wickets,7,197,20,0,Normal,KN Ananthapadmanabhan,MA Gough,2024,1,Lucknow Super Giants,Rajasthan Royals,0,1,Loss
1426283,Ahmedabad,2024-04-28,League,WG Jacks,"Narendra Modi Stadium, Ahmedabad",Royal Challengers Bengaluru,field,Royal Challengers Bengaluru,wickets,9,201,20,0,Normal,Nitin Menon,VK Sharma,2024,1,Gujarat Titans,Royal Challengers Bengaluru,0,1,Loss
1426284,Chennai,2024-04-28,League,RD Gaikwad,"MA Chidambaram Stadium, Chepauk, Chennai",Sunrisers Hyderabad,field,Chennai Super Kings,runs,78,213,20,0,Normal,R Pandit,MV Saidharshan Kumar,2024,0,Chennai Super Kings,Sunrisers Hyderabad,1,0,Win
1426285,Kolkata,2024-04-29,League,CV Varun,"Eden Gardens, Kolkata",Delhi Capitals,bat,Kolkata Knight Riders,wickets,7,154,20,0,Normal,Navdeep Singh,Tapan Sharma,2024,0,Delhi Capitals,Kolkata Knight Riders,0,1,Loss
1426286,Lucknow,2024-04-30,League,MP Stoinis,"Bharat Ratna Shri Atal Bihari Vajpayee Ekana Cricket Stadium, Lucknow",Lucknow Super Giants,field,Lucknow Super Giants,wickets,4,145,20,0,Normal,MA Gough,UV Gandhe,2024,1,Mumbai Indians,Lucknow Super Giants,0,1,Loss
1426287,Chennai,2024-05-01,League,Harpreet Brar,"MA Chidambaram Stadium, Chepauk, Chennai",Punjab Kings,field,Punjab Kings,wickets,7,163,20,0,Normal,HAS Khalid,VK Sharma,2024,1,Chennai Super Kings,Punjab Kings,0,1,Loss
1426288,Hyderabad,2024-05-02,League,B Kumar,"Rajiv Gandhi International Stadium, Uppal, Hyderabad",Sunrisers Hyderabad,bat,Sunrisers Hyderabad,runs,1,202,20,0,Normal,AK Chaudhary,YC Barde,2024,1,Sunrisers Hyderabad,Rajasthan Royals,1,0,Win
1426289,Mumbai,2024-05-03,League,VR Iyer,"Wankhede Stadium, Mumbai",Mumbai Indians,field,Kolkata Knight Riders,runs,24,170,20,0,Normal,J Madanagopal,Tapan Sharma,2024,0,Kolkata Knight Riders,Mumbai Indians,1,0,Win
1426290,Bengaluru,2024-05-04,League,Mohammed Siraj,"M Chinnaswamy Stadium, Bengaluru",Royal Challengers Bengaluru,field,Royal Challengers Bengaluru,wickets,4,148,20,0,Normal,A Totre,Vinod Seshan,2024,1,Gujarat Titans,Royal Challengers Bengaluru,0,1,Loss
1426291,Dharamsala,2024-05-05,League,RA Jadeja,"Himachal Pradesh Cricket Association Stadium, Dharamsala",Punjab Kings,field,Chennai Super Kings,runs,28,168,20,0,Normal,A Nand Kishore,VA Kulkarni,2024,0,Chennai Super Kings,Punjab Kings,1,0,Win
1426292,Lucknow,2024-05-05,League,SP Narine,"Bharat Ratna Shri Atal Bihari Vajpayee Ekana Cricket Stadium, Lucknow",Lucknow Super Giants,field,Kolkata Knight Riders,runs,98,236,20,0,Normal,MV Saidharshan Kumar,YC Barde,2024,0,Kolkata Knight Riders,Lucknow Super Giants,1,0,Win
1426293,Mumbai,2024-05-06,League,SA Yadav,"Wankhede Stadium, Mumbai",Mumbai Indians,field,Mumbai Indians,wickets,7,174,20,0,Normal,Navdeep Singh,Tapan Sharma,2024,1,Sunrisers Hyderabad,Mumbai Indians,0,1,Loss
1426294,Delhi,2024-05-07,League,Kuldeep Yadav,"Arun Jaitley Stadium, Delhi",Rajasthan Royals,field,Delhi Capitals,runs,20,222,20,0,Normal,KN Ananthapadmanabhan,UV Gandhe,2024,0,Delhi Capitals,Rajasthan Royals,1,0,Win
1426295,Hyderabad,2024-05-08,League,TM Head,"Rajiv Gandhi International Stadium, Uppal, Hyderabad",Lucknow Super Giants,bat,Sunrisers Hyderabad,wickets,10,166,20,0,Normal,MV Saidharshan Kumar,YC Barde,2024,0,Lucknow Super Giants,Sunrisers Hyderabad,0,1,Loss
1426296,Dharamsala,2024-05-09,League,V Kohli,"Himachal Pradesh Cricket Association Stadium, Dharamsala",Punjab Kings,field,Royal Challengers Bengaluru,runs,60,242,20,0,Normal,Nitin Menon,HAS Khalid,2024,0,Royal Challengers Bengaluru,Punjab Kings,1,0,Win
1426297,Ahmedabad,2024-05-10,League,Shubman Gill,"Narendra Modi Stadium, Ahmedabad",Chennai Super Kings,field,Gujarat Titans,runs,35,232,20,0,Normal,KN Ananthapadmanabhan,NA Patwardhan,2024,0,Gujarat Titans,Chennai Super Kings,1,0,Win
1426298,Kolkata,2024-05-11,League,CV Varun,"Eden Gardens, Kolkata",Mumbai Indians,field,Kolkata Knight Riders,runs,18,158,16,0,Normal,UV Gandhe,Vinod Seshan,2024,0,Kolkata Knight Riders,Mumbai Indians,1,0,Win
1426299,Chennai,2024-05-12,League,Simarjeet Singh,"MA Chidambaram Stadium, Chepauk, Chennai",Rajasthan Royals,bat,Chennai Super Kings,wickets,5,142,20,0,Normal,R Pandit,YC Barde,2024,0,Rajasthan Royals,Chennai Super Kings,0,1,Loss
1426300,Bengaluru,2024-05-12,League,C Green,"M Chinnaswamy Stadium, Bengaluru",Delhi Capitals,field,Royal Challengers Bengaluru,runs,47,188,20,0,Normal,A Nand Kishore,VA Kulkarni,2024,0,Royal Challengers Bengaluru,Delhi Capitals,1,0,Win
1426302,Delhi,2024-05-14,League,I Sharma,"Arun Jaitley Stadium, Delhi",Lucknow Super Giants,field,Delhi Capitals,runs,19,209,20,0,Normal,A Totre,Vinod Seshan,2024,0,Delhi Capitals,Lucknow Super Giants,1,0,Win
1426303,Guwahati,2024-05-15,League,SM Curran,"Barsapara Cricket Stadium, Guwahati",Rajasthan Royals,bat,Punjab Kings,wickets,5,145,20,0,Normal,R Pandit,MV Saidharshan Kumar,2024,0,Rajasthan Royals,Punjab Kings,0,1,Loss
1426305,Mumbai,2024-05-17,League,N Pooran,"Wankhede Stadium, Mumbai",Mumbai Indians,field,Lucknow Super Giants,runs,18,215,20,0,Normal,Navdeep Singh,R Pandit,2024,0,Lucknow Super Giants,Mumbai Indians,1,0,Win
1426306,Bengaluru,2024-05-18,League,F du Plessis,"M Chinnaswamy Stadium, Bengaluru",Chennai Super Kings,field,Royal Challengers Bengaluru,runs,27,219,20,0,Normal,A Totre,KN Ananthapadmanabhan,2024,0,Royal Challengers Bengaluru,Chennai Super Kings,1,0,Win
1426307,Hyderabad,2024-05-19,League,Abhishek Sharma,"Rajiv Gandhi International Stadium, Uppal, Hyderabad",Punjab Kings,bat,Sunrisers Hyderabad,wickets,4,215,20,0,Normal,Nitin Menon,VK Sharma,2024,0,Punjab Kings,Sunrisers Hyderabad,0,1,Loss
1426309,Ahmedabad,2024-05-21,Qualifier 1,MA Starc,"Narendra Modi Stadium, Ahmedabad",Sunrisers Hyderabad,bat,Kolkata Knight Riders,wickets,8,160,20,0,Normal,AK Chaudhary,R Pandit,2024,0,Sunrisers Hyderabad,Kolkata Knight Riders,0,1,Loss
1426310,Ahmedabad,2024-05-22,Eliminator,R Ashwin,"Narendra Modi Stadium, Ahmedabad",Rajasthan Royals,field,Rajasthan Royals,wickets,4,173,20,0,Normal,KN Ananthapadmanabhan,MV Saidharshan Kumar,2024,1,Royal Challengers Bengaluru,Rajasthan Royals,0,1,Loss
1426311,Chennai,2024-05-24,Qualifier 2,Shahbaz Ahmed,"MA Chidambaram Stadium, Chepauk, Chennai",Rajasthan Royals,field,Sunrisers Hyderabad,runs,36,176,20,0,Normal,Nitin Menon,VK Sharma,2024,0,Sunrisers Hyderabad,Rajasthan Royals,1,0,Win
1426312,Chennai,2024-05-26,Final,MA Starc,"MA Chidambaram Stadium, Chepauk, Chennai",Sunrisers Hyderabad,bat,Kolkata Knight Riders,wickets,8,114,20,0,Normal,J Madanagopal,Nitin Menon,2024,0,Sunrisers Hyderabad,Kolkata Knight Riders,0,1,Loss
